Rk,Player,Age,Pos,Tm,GP,G,A,PTS,+/-,PIM,EV,PP,SH,GW,EV,PP,SH,S,S%,TOI,ATOI,BLK,HIT,FOW,FOL,FO%\
1,Evgeni Malkin\\malkiev01,30,C,PIT,38,16,27,43,11,46,10,6,0,4,18,9,0,121,13.2,704,18:31,14,25,217,300,42.0\
2,Connor McDavid\\mcdavco01,20,C,EDM,38,14,29,43,9,16,12,2,0,3,17,11,1,111,12.6,804,21:09,10,14,200,254,44.1\
3,Sidney Crosby\\crosbsi01,29,C,PIT,32,26,16,42,9,12,17,9,0,3,12,4,0,112,23.2,615,19:13,9,38,360,379,48.7\
4,Vladimir Tarasenko\\tarasvl01,25,RW,STL,38,18,23,41,-3,8,14,4,0,4,12,11,0,138,13,688,18:06,13,15,0,2,0.0\
5,Artemi Panarin\\panarar01,25,LW,CHI,40,15,24,39,13,17,9,6,0,1,18,6,0,98,15.3,801,20:02,5,10,1,0,100.0\
6,Tyler Seguin\\seguity01,25,C,DAL,38,13,25,38,-9,14,6,7,0,1,17,8,0,132,9.8,724,19:03,12,36,200,193,50.9\
7,Phil Kessel\\kesseph01,29,RW,PIT,38,12,26,38,-1,12,8,4,0,3,14,12,0,103,11.7,687,18:04,10,6,3,7,30.0\
8,Cam Atkinson\\atkinca01,27,RW,CBJ,35,17,20,37,8,8,8,7,2,4,10,10,0,100,17,625,17:52,13,14,2,0,100.0\
9,Patrick Kane\\kanepa01,28,RW,CHI,40,11,26,37,4,22,9,2,0,3,17,9,0,129,8.5,879,21:58,8,13,5,33,13.2\
10,Brent Burns\\burnsbr01,31,D,SJS,37,15,20,35,12,14,11,4,0,3,12,7,1,151,9.9,911,24:37:00,67,40,0,0,\
11,Nikita Kucherov\\kucheni01,23,RW,TBL,31,13,22,35,6,20,9,4,0,3,14,8,0,95,13.7,572,18:27,12,9,0,0,\
12,Jakub Voracek\\voracja01,27,RW,PHI,39,11,24,35,-9,39,9,2,0,2,13,11,0,129,8.5,780,20:00,8,11,1,6,14.3\
13,Ryan Kesler\\keslery01,32,C,ANA,39,15,19,34,11,26,8,7,0,2,11,8,0,91,16.5,854,21:54,36,68,497,361,57.9\
14,Joe Pavelski\\paveljo01,32,C,SJS,37,12,22,34,9,14,8,4,0,3,14,8,0,124,9.7,732,19:47,38,78,210,193,52.1\
15,Jamie Benn\\bennja01,27,LW,DAL,38,10,24,34,-6,35,4,6,0,2,18,6,0,87,11.5,768,20:13,22,55,156,134,53.8\
16,Mark Scheifele\\scheima01,23,C,WPG,36,15,18,33,5,24,12,3,0,2,15,3,0,83,18.1,729,20:15,14,31,285,363,44.0\
17,Leon Draisaitl\\draisle01,21,C,EDM,38,14,19,33,-1,6,6,8,0,1,12,7,0,91,15.4,683,17:58,14,12,277,276,50.1\
18,Alexander Wennberg\\wennbal01,22,C,CBJ,35,8,25,33,12,9,6,2,0,3,11,14,0,42,19,637,18:11,24,29,253,306,45.3\
19,Victor Hedman\\hedmavi01,26,D,TBL,38,7,26,33,8,20,5,2,0,2,13,13,0,78,9,940,24:44:00,62,47,0,0,\
20,Auston Matthews\\matthau01,19,C,TOR,36,20,12,32,3,6,17,3,0,3,5,7,0,133,15,640,17:47,33,6,191,241,44.2\
21,Wayne Simmonds\\simmowa01,28,RW,PHI,39,17,15,32,-7,67,8,8,1,1,8,7,0,105,16.2,751,19:16,26,76,8,7,53.3\
22,Brandon Saad\\saadbr01,24,LW,CBJ,35,14,18,32,20,6,13,1,0,3,18,0,0,93,15.1,611,17:27,11,11,1,2,33.3\
23,Claude Giroux\\giroucl01,29,C,PHI,39,10,22,32,-5,24,6,4,0,1,10,12,0,104,9.6,766,19:39,13,26,480,410,53.9\
24,Erik Karlsson\\karlser01,26,D,OTT,37,7,25,32,2,16,6,1,0,2,13,11,1,87,8,1004,27:09:00,96,31,0,0,\
25,Jeff Carter\\carteje01,32,C,LAK,37,20,11,31,6,14,13,6,1,7,9,2,0,118,16.9,670,18:06,18,43,338,298,53.1\
26,Patrik Laine\\lainepa01,18,RW,WPG,39,19,12,31,4,12,12,7,0,3,9,3,0,102,18.6,718,18:24,17,48,0,2,0.0\
27,Nick Foligno\\foligni01,29,LW,CBJ,33,12,19,31,11,33,5,7,0,2,11,8,0,77,15.6,607,18:24,20,48,27,25,51.9\
28,Nikolaj Ehlers\\ehlerni01,20,RW,WPG,39,10,21,31,-1,18,7,3,0,2,18,3,0,90,11.1,690,17:42,11,20,0,2,0.0\
29,Brad Marchand\\marchbr03,28,LW,BOS,40,10,21,31,4,42,8,2,0,3,16,5,0,112,8.9,758,18:57,16,29,10,13,43.5\
30,Max Pacioretty\\pacioma01,28,LW,MTL,37,15,15,30,6,26,10,4,1,4,11,3,1,107,14,695,18:47,14,32,13,7,65.0\
31,Charlie Coyle\\coylech01,24,C,MIN,36,12,18,30,13,22,8,4,0,3,16,2,0,79,15.2,635,17:38,36,50,19,17,52.8\
32,Eric Staal\\staaler01,32,C,MIN,36,11,19,30,13,14,9,1,1,5,12,6,1,94,11.7,694,19:16,17,22,314,308,50.5\
33,Nicklas Backstrom\\backsni02,29,C,WSH,36,9,21,30,5,20,7,2,0,2,10,11,0,74,12.2,668,18:34,16,24,311,280,52.6\
34,Derek Stepan\\stepade01,26,C,NYR,39,9,21,30,14,10,7,1,1,1,14,7,0,88,10.2,712,18:15,27,13,334,385,46.5\
35,Ryan Getzlaf\\getzlry01,31,C,ANA,36,5,25,30,-8,20,2,2,1,1,14,11,0,67,7.5,737,20:28,44,45,265,244,52.1\
36,Artem Anisimov\\anisiar01,28,C,CHI,36,16,13,29,12,18,12,4,0,6,10,3,0,63,25.4,661,18:22,11,13,240,297,44.7\
37,Chris Kreider\\kreidch01,25,LW,NYR,33,15,14,29,6,19,11,4,0,2,10,4,0,91,16.5,559,16:56,16,58,3,2,60.0\
38,Blake Wheeler\\wheelbl01,30,RW,WPG,39,11,18,29,-1,22,8,2,1,1,10,7,1,111,9.9,784,20:06,23,54,40,48,45.5\
39,Mikael Granlund\\granlmi01,24,C,MIN,36,10,19,29,18,6,7,2,1,2,13,5,1,66,15.2,695,19:18,23,23,5,7,41.7\
40,Mats Zuccarello\\zuccama01,29,RW,NYR,39,8,21,29,9,12,6,2,0,0,17,4,0,89,9,732,18:46,23,40,4,3,57.1\
41,Corey Perry\\perryco01,31,RW,ANA,39,7,22,29,-6,27,5,2,0,1,10,12,0,111,6.3,717,18:23,12,37,1,4,20.0\
42,Alex Ovechkin\\ovechal01,31,LW,WSH,36,17,11,28,-1,26,11,6,0,5,8,3,0,142,12,671,18:39,13,91,0,1,0.0\
43,Sam Gagner\\gagnesa01,27,C,CBJ,34,14,14,28,11,8,8,6,0,1,7,7,0,84,16.7,456,13:26,7,4,54,63,46.2\
44,Kevin Hayes\\hayeske01,24,RW,NYR,39,11,17,28,13,10,9,1,1,3,12,3,2,66,16.7,661,16:56,21,28,240,281,46.1\
45,Mark Stone\\stonema01,24,RW,OTT,36,11,17,28,1,17,6,5,0,3,12,5,0,55,20,667,18:32,31,25,7,9,43.8\
46,Henrik Zetterberg\\zettehe01,36,LW,DET,37,7,21,28,11,8,6,1,0,0,18,3,0,79,8.9,715,19:19,14,25,312,276,53.1\
47,Jeff Skinner\\skinnje01,24,LW,CAR,35,13,14,27,-6,16,9,4,0,0,7,7,0,124,10.5,636,18:10,13,15,5,11,31.3\
48,John Tavares\\tavarjo01,26,C,NYI,36,11,16,27,-1,26,7,4,0,0,12,4,0,105,10.5,726,20:10,8,15,401,353,53.2\
49,Aleksander Barkov\\barkoal01,21,C,FLA,36,9,18,27,7,6,8,1,0,2,12,6,0,88,10.2,691,19:12,16,25,263,300,46.7\
50,Mitch Marner\\marnemi01,19,C,TOR,36,9,18,27,-2,18,8,1,0,3,13,5,0,100,9,614,17:03,20,17,9,14,39.1\
51,Ryan Johansen\\johanry01,24,C,NSH,36,7,20,27,1,22,3,3,1,3,10,10,0,83,8.4,674,18:43,12,45,303,282,51.8\
52,David Pastrnak\\pastrda01,20,RW,BOS,33,19,7,26,14,12,15,4,0,3,6,1,0,114,16.7,577,17:29,16,25,1,1,50.0\
53,James van Riemsdyk\\vanrija01,27,LW,TOR,36,13,13,26,-1,16,11,2,0,1,10,3,0,98,13.3,576,15:00,16,40,1,3,25.0\
54,J.T. Miller\\millejt01,23,LW,NYR,39,12,14,26,7,10,9,1,2,3,11,3,0,73,16.4,626,16:03,29,55,54,71,43.2\
55,Bo Horvat\\horvabo01,21,C,VAN,39,11,15,26,-1,16,8,1,2,1,12,3,0,68,16.2,681,17:28,13,44,354,303,53.9\
56,Milan Lucic\\lucicmi01,28,LW,EDM,38,10,16,26,-3,18,6,4,0,1,7,9,0,92,10.9,688,18:07,9,96,4,2,66.7\
57,Victor Rask\\raskvi01,23,C,CAR,36,10,16,26,0,6,7,3,0,2,12,3,1,81,12.3,672,18:41,14,9,201,223,47.4\
58,Henrik Sedin\\sedinhe01,36,C,VAN,39,9,17,26,-9,6,8,1,0,3,10,7,0,46,19.6,763,19:34,7,8,277,279,49.8\
59,Alexander Radulov\\radulal01,30,RW,MTL,35,8,18,26,5,26,6,2,0,0,12,6,0,78,10.3,609,17:24,16,29,2,2,50.0\
60,Duncan Keith\\keithdu01,33,D,CHI,40,1,25,26,5,10,1,0,0,0,17,8,0,85,1.2,1044,26:06:00,44,16,0,0,\
61,Marcus Johansson\\johanma03,26,LW,WSH,36,14,11,25,7,8,11,3,0,5,7,4,0,60,23.3,630,17:29,3,15,8,9,47.1\
62,Kyle Turris\\turriky01,27,C,OTT,37,13,12,25,1,29,12,1,0,3,8,4,0,72,18.1,715,19:19,32,11,302,301,50.1\
63,Robby Fabbri\\fabbrro01,21,C,STL,37,11,14,25,-5,25,7,4,0,0,11,3,0,65,16.9,588,15:53,11,44,13,10,56.5\
64,Jakob Silfverberg\\silfvja01,26,RW,ANA,39,11,14,25,12,10,8,2,1,3,12,2,0,111,9.9,724,18:33,22,24,1,4,20.0\
65,Mike Hoffman\\hoffmmi02,27,LW,OTT,33,10,15,25,-2,27,4,6,0,3,10,5,0,102,9.8,571,17:19,13,26,5,2,71.4\
66,Johnny Gaudreau\\gaudrjo01,23,LW,CGY,29,9,16,25,-11,0,8,1,0,1,8,8,0,81,11.1,549,18:55,5,3,0,0,\
67,Taylor Hall\\hallta02,25,LW,NJD,28,9,16,25,-4,8,5,4,0,2,13,3,0,89,10.1,569,20:20,15,28,2,3,40.0\
68,Nathan MacKinnon\\mackina01,21,C,COL,37,9,16,25,-13,4,6,1,2,3,11,5,0,125,7.2,744,20:07,12,23,363,337,51.9\
69,Jordan Eberle\\eberljo01,26,RW,EDM,38,8,17,25,-4,4,5,3,0,0,10,7,0,100,8,675,17:45,18,7,3,3,50.0\
70,William Nylander\\nylanwi01,20,C,TOR,35,8,17,25,-2,18,3,5,0,0,8,9,0,90,8.9,570,16:18,11,9,43,57,43.0\
71,Rasmus Ristolainen\\ristora01,22,D,BUF,36,3,22,25,-5,16,2,1,0,2,9,13,0,81,3.7,962,26:43:00,70,102,0,0,\
72,Ryan McDonagh\\mcdonry01,27,D,NYR,38,2,23,25,9,21,1,1,0,0,15,8,0,68,2.9,920,24:12:00,71,39,0,0,\
73,Joe Thornton\\thornjo01,37,C,SJS,37,2,23,25,6,26,2,0,0,0,13,10,0,37,5.4,704,19:02,17,27,209,182,53.5\
74,Matt Duchene\\duchema01,26,C,COL,33,13,11,24,-10,2,11,2,0,3,7,4,0,84,15.5,616,18:41,23,14,231,145,61.4\
75,Mikael Backlund\\backlmi01,27,C,CGY,39,11,13,24,4,14,7,4,0,2,7,3,3,94,11.7,674,17:18,26,29,337,376,47.3\
76,Jon Marchessault\\audymjo01,26,C,FLA,31,11,13,24,1,12,8,3,0,2,8,5,0,83,13.3,566,18:16,10,42,60,65,48.0\
77,Brayden Schenn\\schenbr01,25,C,PHI,36,11,13,24,-6,24,3,8,0,4,6,7,0,84,13.1,642,17:50,22,84,128,132,49.2\
78,Viktor Arvidsson\\arvidvi01,23,LW,NSH,36,10,14,24,8,10,7,1,2,0,10,2,2,116,8.6,586,16:16,22,12,3,1,75.0\
79,Mikko Koivu\\koivumi01,33,C,MIN,36,9,15,24,19,10,9,0,0,2,9,5,1,55,16.4,713,19:48,36,12,463,376,55.2\
80,Radim Vrbata\\vrbatra01,35,RW,ARI,37,9,15,24,-12,8,7,2,0,0,10,5,0,113,8,634,17:09,10,29,13,17,43.3\
81,David Krejci\\krejcda01,30,C,BOS,40,8,16,24,-7,14,5,3,0,1,12,4,0,87,9.2,735,18:22,30,31,295,274,51.8\
82,Kevin Shattenkirk\\shattke01,28,D,STL,38,8,16,24,-5,29,2,6,0,0,8,8,0,77,10.4,760,19:59,41,45,0,0,\
83,Travis Zajac\\zajactr01,31,C,NJD,37,8,16,24,-7,16,5,3,0,1,12,3,1,73,11,752,20:19,13,46,395,353,52.8\
84,Justin Schultz\\schulju01,26,D,PIT,38,7,17,24,23,10,6,1,0,1,11,6,0,71,9.9,698,18:22,44,33,0,0,\
85,Valtteri Filppula\\filppva01,32,C,TBL,36,6,18,24,8,16,6,0,0,1,13,5,0,49,12.2,652,18:07,19,10,275,338,44.9\
86,Zach Werenski\\werenza01,19,D,CBJ,35,6,18,24,7,10,3,3,0,1,7,11,0,87,6.9,745,21:17,41,22,0,0,\
87,Josh Bailey\\bailejo01,27,LW,NYI,36,5,19,24,0,4,4,1,0,1,13,6,0,70,7.1,688,19:06,27,15,6,5,54.5\
88,Marian Hossa\\hossama01,38,RW,CHI,34,16,7,23,9,6,13,3,0,4,4,3,0,77,20.8,588,17:17,18,12,4,7,36.4\
89,Rickard Rakell\\rakelri01,23,C,ANA,28,16,7,23,-2,6,12,4,0,3,4,3,0,76,21.1,485,17:20,12,35,13,12,52.0\
90,Paul Byron\\byronpa01,27,LW,MTL,37,12,11,23,8,14,11,0,1,2,9,2,0,50,24,557,15:03,12,45,5,1,83.3\
91,Logan Couture\\coutulo01,27,C,SJS,37,11,12,23,1,10,5,6,0,1,11,1,0,104,10.6,686,18:33,34,25,156,252,38.2\
92,Kyle Okposo\\okposky01,28,RW,BUF,35,10,13,23,-2,10,5,5,0,0,5,8,0,92,10.9,676,19:18,11,32,51,41,55.4\
93,Daniel Sedin\\sedinda01,36,LW,VAN,39,10,13,23,-5,20,6,4,0,1,9,4,0,100,10,732,18:46,10,9,2,2,50.0\
94,Alex Galchenyuk\\galchal01,22,C,MTL,25,9,14,23,9,16,6,3,0,2,9,5,0,45,20,404,16:10,13,10,118,181,39.5\
95,Brock Nelson\\nelsobr01,25,LW,NYI,36,9,14,23,1,20,8,1,0,0,9,4,1,81,11.1,573,15:54,30,29,149,199,42.8\
96,Nino Niederreiter\\niedeni01,24,RW,MIN,36,9,14,23,14,8,6,3,0,1,14,0,0,62,14.5,531,14:44,8,64,0,1,0.0\
97,Jason Zucker\\zuckeja01,25,LW,MIN,36,9,14,23,23,16,9,0,0,1,14,0,0,65,13.8,506,14:03,18,35,1,2,33.3\
98,Filip Forsberg\\forsbfi01,22,LW,NSH,36,8,15,23,-7,12,6,2,0,0,11,4,0,96,8.3,671,18:39,8,54,5,11,31.3\
99,Jaromir Jagr\\jagrja01,44,RW,FLA,38,7,16,23,5,30,3,4,0,0,12,4,0,92,7.6,650,17:07,3,15,0,0,\
100,Dustin Byfuglien\\byfugdu01,31,D,WPG,39,4,19,23,-4,44,4,0,0,0,13,6,0,114,3.5,1067,27:22:00,65,93,0,0,\
101,Patrick Eaves\\eavespa01,32,RW,DAL,37,13,9,22,-8,12,6,7,0,1,6,3,0,88,14.8,614,16:35,20,41,0,1,0.0\
102,Jonathan Drouin\\drouijo01,21,LW,TBL,30,11,11,22,1,8,5,6,0,2,7,4,0,85,12.9,512,17:05,8,21,31,38,44.9\
103,Sven Baertschi\\baertsv01,24,LW,VAN,36,10,12,22,2,0,9,1,0,3,10,2,0,73,13.7,547,15:11,13,20,1,0,100.0\
104,Cam Fowler\\fowleca01,25,D,ANA,39,9,13,22,0,6,4,5,0,3,7,6,0,85,10.6,956,24:31:00,57,20,0,0,\
105,Scott Hartnell\\hartnsc01,34,LW,CBJ,35,9,13,22,11,15,8,1,0,0,12,1,0,51,17.6,437,12:30,21,39,3,2,60.0\
106,Patric Hornqvist\\hornqpa01,30,RW,PIT,32,9,13,22,11,14,3,6,0,1,10,3,0,117,7.7,523,16:20,32,104,2,5,28.6\
107,Conor Sheary\\shearco01,24,LW,PIT,31,9,13,22,10,12,8,1,0,2,12,1,0,73,12.3,460,14:50,12,11,0,0,\
108,Sam Reinhart\\reinhsa01,21,C,BUF,36,8,14,22,-1,8,4,4,0,1,9,5,0,79,10.1,625,17:21,15,10,56,88,38.9\
109,Jason Spezza\\spezzja01,33,C,DAL,31,7,15,22,-13,19,5,1,1,2,6,9,0,70,10,520,16:46,11,7,186,164,53.1\
110,Matthew Tkachuk\\tkachma01,19,LW,CGY,35,7,15,22,8,70,6,1,0,1,11,4,0,61,11.5,497,14:12,8,33,4,6,40.0\
111,Dougie Hamilton\\hamildo01,23,D,CGY,38,6,16,22,0,36,6,0,0,3,9,6,1,111,5.4,737,19:23,48,45,0,0,\
112,Nazem Kadri\\kadrina01,26,C,TOR,36,13,8,21,-1,59,8,5,0,3,6,2,0,116,11.2,591,16:25,15,48,255,290,46.8\
113,Jaden Schwartz\\schwaja01,24,LW,STL,34,12,9,21,1,6,9,3,0,3,8,1,0,78,15.4,654,19:14,20,32,36,43,45.6\
114,Tyler Johnson\\johnsty01,26,C,TBL,38,11,10,21,-5,16,7,4,0,2,4,6,0,74,14.9,711,18:42,16,33,341,300,53.2\
115,Vincent Trocheck\\trochvi01,23,C,FLA,38,11,10,21,-12,14,9,2,0,1,6,4,0,107,10.3,815,21:27,27,93,406,405,50.1\
116,Shea Weber\\webersh01,31,D,MTL,37,9,12,21,16,20,1,8,0,3,7,3,2,93,9.7,963,26:02:00,78,79,0,0,\
117,Michael Frolik\\frolimi01,28,RW,CGY,39,7,14,21,3,18,4,1,2,1,12,1,1,86,8.1,633,16:14,27,24,8,9,47.1\
118,Thomas Vanek\\vanekth01,33,LW,DET,26,7,14,21,1,14,4,3,0,0,11,3,0,67,10.4,393,15:08,1,16,5,8,38.5\
119,Alec Martinez\\martial01,29,D,LAK,37,6,15,21,-2,12,5,1,0,3,10,5,0,75,8,833,22:30,79,72,0,1,0.0\
120,Ryan Suter\\suterry01,32,D,MIN,36,5,16,21,26,14,2,2,1,0,10,5,1,72,6.9,979,27:12:00,46,38,0,0,\
121,Mike Ribeiro\\ribeimi01,36,C,NSH,36,4,17,21,-2,14,2,2,0,0,13,4,0,29,13.8,576,16:00,5,27,157,204,43.5\
122,Kris Letang\\letankr01,29,D,PIT,26,2,19,21,-3,20,1,1,0,1,10,9,0,80,2.5,677,26:03:00,50,54,0,0,\
123,Andrei Markov\\markoan01,38,D,MTL,31,2,19,21,7,12,2,0,0,0,10,8,1,44,4.5,676,21:49,32,21,0,0,\
124,Brent Seabrook\\seabrbr01,31,D,CHI,38,2,19,21,-1,8,0,2,0,0,11,8,0,56,3.6,852,22:26,58,61,0,0,\
125,Torey Krug\\krugto01,25,D,BOS,40,1,20,21,-4,24,1,0,0,0,13,7,0,116,0.9,875,21:53,30,31,0,1,0.0\
126,Michael Grabner\\grabnmi01,29,RW,NYR,38,14,6,20,15,8,14,0,0,1,5,0,1,79,17.7,512,13:28,22,24,4,4,50.0\
127,James Neal\\nealja01,29,RW,NSH,32,14,6,20,-4,17,12,2,0,2,3,3,0,105,13.3,593,18:31,10,42,1,1,50.0\
128,Rick Nash\\nashri01,32,RW,NYR,30,13,7,20,-1,12,8,4,1,2,5,2,0,88,14.8,483,16:05,21,19,0,0,\
129,Mike Fisher\\fishemi01,36,C,NSH,32,10,10,20,-4,35,5,5,0,2,5,5,0,60,16.7,528,16:29,22,65,298,251,54.3\
130,Sean Monahan\\monahse01,22,C,CGY,39,10,10,20,-14,12,6,4,0,2,6,4,0,80,12.5,699,17:55,10,20,373,333,52.8\
131,David Perron\\perroda01,28,LW,STL,38,10,10,20,-6,30,8,2,0,3,7,3,0,76,13.2,689,18:08,12,41,25,23,52.1\
132,Adam Henrique\\henriad01,26,C,NJD,38,9,11,20,-7,24,6,2,1,1,10,1,0,63,14.3,701,18:28,31,46,300,313,48.9\
133,Steven Stamkos\\stamkst01,26,C,TBL,17,9,11,20,3,14,6,3,0,1,7,4,0,58,15.5,304,17:52,3,21,106,92,53.5\
134,Ryan Dzingel\\dzingry01,24,LW,OTT,37,8,12,20,7,12,6,1,1,1,11,1,0,54,14.8,531,14:21,15,32,3,6,33.3\
135,Tyler Toffoli\\toffoty01,24,C,LAK,32,8,12,20,14,16,6,2,0,1,10,1,1,93,8.6,566,17:40,2,36,1,2,33.3\
136,Sebastian Aho\\ahose01,19,RW,CAR,36,7,13,20,2,4,7,0,0,0,9,4,0,89,7.9,580,16:06,3,23,8,9,47.1\
137,Tyler Bozak\\bozakty01,30,C,TOR,33,7,13,20,1,8,6,1,0,1,11,2,0,63,11.1,543,16:28,8,25,308,228,57.5\
138,Nick Holden\\holdeni01,29,D,NYR,39,7,13,20,16,10,5,2,0,2,12,1,0,35,20,786,20:10,43,72,0,1,0.0\
139,Kyle Palmieri\\palmiky01,25,RW,NJD,36,7,13,20,-1,14,4,3,0,1,7,6,0,68,10.3,600,16:40,15,68,6,10,37.5\
140,Jake Gardiner\\gardija01,26,D,TOR,36,6,14,20,7,14,4,2,0,1,8,6,0,61,9.8,744,20:40,29,29,0,0,\
141,Alex Steen\\steenal01,32,LW,STL,32,4,16,20,-11,31,4,0,0,0,8,8,0,45,8.9,627,19:36,29,11,39,67,36.8\
142,Tyson Barrie\\barrity01,25,D,COL,37,3,17,20,-20,14,3,0,0,1,12,5,0,93,3.2,869,23:28,36,18,0,0,\
143,Alex Killorn\\killoal01,27,LW,TBL,38,12,7,19,-5,34,9,2,1,3,3,4,0,90,13.3,679,17:52,14,47,1,6,14.3\
144,Jimmy Vesey\\veseyji02,23,LW,NYR,38,11,8,19,1,11,7,4,0,3,5,3,0,62,17.7,544,14:19,16,27,1,5,16.7\
145,David Backes\\backeda01,32,RW,BOS,33,9,10,19,-2,31,7,2,0,1,8,2,0,89,10.1,587,17:46,23,98,38,44,46.3\
146,Mike Cammalleri\\cammami01,34,LW,NJD,32,9,10,19,-5,17,8,1,0,2,6,4,0,78,11.5,582,18:12,8,24,12,10,54.5\
147,Andrew Cogliano\\coglian01,29,LW,ANA,39,9,10,19,9,16,7,0,2,0,10,0,0,83,10.8,597,15:18,16,35,4,7,36.4\
148,Brandon Sutter\\suttebr03,27,C,VAN,39,9,10,19,-16,6,6,3,0,1,8,2,0,85,10.6,766,19:38,24,31,387,315,55.1\
149,Teuvo Teravainen\\teravte01,22,LW,CAR,36,9,10,19,1,8,6,3,0,2,6,4,0,65,13.8,586,16:16,9,10,101,126,44.5\
150,Frans Nielsen\\nielsfr01,32,C,DET,37,8,11,19,-15,2,6,0,2,0,4,7,0,78,10.3,650,17:35,27,36,306,264,53.7\
151,Oliver Ekman-Larsson\\ekmanol01,25,D,ARI,37,7,12,19,-10,26,3,4,0,1,6,6,0,78,9,889,24:02:00,35,53,0,0,\
152,Ryan Spooner\\spoonry01,25,C,BOS,39,7,12,19,-1,10,5,2,0,2,8,4,0,80,8.8,571,14:38,9,13,9,15,37.5\
153,Roman Josi\\josiro01,26,D,NSH,36,5,14,19,-4,14,3,2,0,1,7,7,0,108,4.6,920,25:34:00,60,26,0,0,\
154,Travis Konecny\\konectr01,19,C,PHI,38,5,14,19,-1,35,3,2,0,0,13,1,0,83,6,564,14:50,11,53,0,5,0.0\
155,Evgeny Kuznetsov\\kuzneev01,24,C,WSH,36,3,16,19,5,18,3,0,0,0,12,4,0,68,4.4,615,17:05,7,24,213,297,41.8\
156,Anders Lee\\leean01,26,LW,NYI,36,14,4,18,6,20,11,3,0,3,4,0,0,73,19.2,514,14:17,16,80,1,4,20.0\
157,T.J. Oshie\\oshietj01,30,RW,WSH,29,11,7,18,13,10,8,2,1,2,4,2,1,64,17.2,513,17:42,21,40,32,38,45.7\
158,Sam Bennett\\bennesa01,20,C,CGY,39,9,9,18,-6,39,7,2,0,0,8,0,1,64,14.1,610,15:38,18,70,160,188,46.0\
159,Tanner Pearson\\pearsta01,24,LW,LAK,35,9,9,18,10,7,8,1,0,0,6,3,0,72,12.5,551,15:45,13,61,1,7,12.5\
160,Loui Eriksson\\erikslo01,31,LW,VAN,39,8,10,18,-9,2,4,4,0,1,7,2,1,75,10.7,733,18:48,17,6,0,0,\
161,Jeff Petry\\petryje01,29,D,MTL,36,8,10,18,14,14,6,2,0,1,7,3,0,84,9.5,801,22:15,65,72,0,0,\
162,Lee Stempniak\\stemple01,33,RW,CAR,36,8,10,18,6,18,6,2,0,0,8,2,0,56,14.3,579,16:05,9,50,1,2,33.3\
163,Mike Green\\greenmi03,31,D,DET,32,7,11,18,-5,20,6,1,0,1,8,3,0,59,11.9,782,24:26:00,38,28,0,0,\
164,Ryan Nugent-Hopkins\\nugenry01,23,C,EDM,38,7,11,18,-9,16,4,3,0,2,9,2,0,105,6.7,680,17:53,15,23,247,293,45.7\
165,Ryan O'Reilly\\oreilry01,25,C,BUF,27,7,11,18,-1,6,4,3,0,2,4,7,0,85,8.2,581,21:32,12,3,362,273,57.0\
166,Alex Pietrangelo\\pietral01,27,D,STL,37,7,11,18,-5,14,4,3,0,2,8,3,0,83,8.4,925,25:01:00,78,19,0,0,\
167,Paul Stastny\\stastpa01,31,C,STL,37,7,11,18,1,24,5,2,0,2,7,4,0,55,12.7,736,19:53,19,28,424,359,54.2\
168,Drew Doughty\\doughdr01,27,D,LAK,37,6,12,18,5,22,4,2,0,0,7,5,0,87,6.9,1005,27:09:00,61,60,1,0,100.0\
169,Brendan Gallagher\\gallabr01,24,RW,MTL,37,6,12,18,4,29,5,1,0,1,11,1,0,102,5.9,563,15:12,12,33,22,33,40.0\
170,Jonathan Toews\\toewsjo01,28,C,CHI,31,6,12,18,0,19,3,3,0,2,9,3,0,82,7.3,644,20:46,11,19,404,286,58.6\
171,Shayne Gostisbehere\\gostish01,23,D,PHI,37,4,14,18,-8,16,3,1,0,1,4,10,0,86,4.7,748,20:13,44,15,0,0,\
172,Gustav Nyquist\\nyquigu01,27,RW,DET,37,4,14,18,-3,6,4,0,0,2,12,2,0,79,5.1,622,16:48,10,28,4,0,100.0\
173,John Carlson\\carlsjo01,27,D,WSH,36,3,15,18,0,0,2,1,0,1,7,7,1,90,3.3,848,23:33,48,34,0,0,\
174,John Klingberg\\klingjo01,24,D,DAL,36,3,15,18,-6,20,3,0,0,1,8,7,0,54,5.6,827,22:58,51,20,0,0,\
175,Damon Severson\\severda01,22,D,NJD,38,3,15,18,-21,35,3,0,0,1,7,8,0,52,5.8,803,21:08,33,38,0,0,\
176,Keith Yandle\\yandlke01,30,D,FLA,38,2,16,18,-2,20,0,2,0,0,9,7,0,92,2.2,852,22:25,43,11,0,0,\
177,Patrick Maroon\\maroopa01,28,LW,EDM,38,11,6,17,9,38,10,1,0,1,4,2,0,75,14.7,589,15:30,7,86,5,7,41.7\
178,P.A. Parenteau\\parenpi01,33,RW,NJD,36,11,6,17,-10,29,8,3,0,2,6,0,0,69,15.9,563,15:38,4,30,4,11,26.7\
179,Derick Brassard\\brassde01,29,C,OTT,37,8,9,17,1,10,7,1,0,1,7,2,0,85,9.4,646,17:27,6,40,304,298,50.5\
180,Troy Brouwer\\brouwtr01,31,RW,CGY,36,8,9,17,-11,18,4,3,1,1,3,5,1,46,17.4,617,17:08,24,76,12,29,29.3\
181,Tomas Tatar\\tatarto01,26,LW,DET,37,8,9,17,-5,14,8,0,0,1,8,1,0,77,10.4,639,17:16,13,42,4,4,50.0\
182,Mark Letestu\\letesma01,31,C,EDM,35,7,10,17,0,9,2,3,2,3,7,2,1,51,13.7,497,14:11,16,35,206,203,50.4\
183,P.K. Subban\\subbapk01,27,D,NSH,29,7,10,17,-11,25,4,3,0,2,6,4,0,80,8.8,727,25:03:00,43,26,0,0,\
184,Nick Bonino\\boninni01,28,C,PIT,38,6,11,17,-4,8,4,1,1,0,8,3,0,62,9.7,629,16:33,47,27,297,301,49.7\
185,Ondrej Palat\\palaton01,25,LW,TBL,33,6,11,17,-2,17,5,1,0,0,6,5,0,53,11.3,593,17:57,21,64,4,7,36.4\
186,Mikko Rantanen\\rantami01,20,RW,COL,32,6,11,17,-16,8,3,3,0,0,7,4,0,50,12,584,18:15,16,6,18,8,69.2\
187,Kris Versteeg\\verstkr01,30,RW,CGY,27,6,11,17,2,8,4,2,0,1,7,4,0,38,15.8,372,13:48,11,2,9,7,56.3\
188,Antoine Roussel\\roussan01,27,LW,DAL,34,5,12,17,5,87,5,0,0,2,9,3,0,41,12.2,533,15:41,26,44,6,5,54.5\
189,Andrej Sekera\\sekeran01,30,D,EDM,36,4,13,17,9,10,3,0,1,0,8,5,0,46,8.7,783,21:44,61,23,0,0,\
190,Matt Niskanen\\niskama01,30,D,WSH,35,2,15,17,7,12,1,1,0,1,13,1,1,67,3,771,22:02,44,56,0,0,\
191,Morgan Rielly\\riellmo01,22,D,TOR,36,1,16,17,-1,11,0,1,0,0,14,2,0,83,1.2,821,22:48,64,18,0,0,\
192,Colton Parayko\\parayco01,23,D,STL,38,0,17,17,0,10,0,0,0,0,12,5,0,96,0,812,21:23,62,35,0,0,\
193,Patrick Marleau\\marlepa01,37,LW,SJS,37,10,6,16,0,10,7,3,0,3,2,4,0,91,11,647,17:30,14,42,21,24,46.7\
194,Bryan Rust\\rustbr01,24,RW,PIT,35,10,6,16,-1,8,10,0,0,1,5,0,1,66,15.2,455,13:01,20,62,1,2,33.3\
195,Anthony Mantha\\manthan01,22,RW,DET,22,9,7,16,10,12,8,1,0,2,6,1,0,54,16.7,372,16:54,16,14,2,2,50.0\
196,Justin Williams\\williju01,35,RW,WSH,36,9,7,16,-2,26,7,2,0,0,5,2,0,79,11.4,565,15:41,22,12,38,29,56.7\
197,Connor Brown\\brownco02,23,RW,TOR,36,7,9,16,5,6,6,1,0,1,8,1,0,59,11.9,542,15:03,28,29,0,2,0.0\
198,Phillip Danault\\danauph01,23,LW,MTL,37,7,9,16,-2,10,7,0,0,2,8,0,1,59,11.9,507,13:42,29,35,172,157,52.3\
199,Jason Demers\\demerja01,28,D,FLA,38,7,9,16,0,18,7,0,0,0,3,4,2,47,14.9,775,20:23,45,45,0,0,\
200,Justin Faulk\\faulkju01,24,D,CAR,30,7,9,16,-9,12,6,1,0,1,5,4,0,94,7.4,693,23:07,31,57,0,0,\
201,Brian Gionta\\giontbr01,38,RW,BUF,36,7,9,16,-3,16,7,0,0,1,8,1,0,74,9.5,620,17:14,13,29,24,18,57.1\
202,Seth Jones\\jonesse01,22,D,CBJ,29,7,9,16,8,10,7,0,0,2,8,1,0,62,11.3,670,23:07,56,31,0,0,\
203,Reilly Smith\\smithre01,25,RW,FLA,36,7,9,16,-6,8,2,4,1,2,7,2,0,73,9.6,691,19:12,17,27,1,1,50.0\
204,Antoine Vermette\\vermean01,34,C,ANA,39,7,9,16,-6,22,4,3,0,0,6,3,0,53,13.2,632,16:12,30,33,442,234,65.4\
205,Colin Wilson\\wilsoco01,27,LW,NSH,35,6,10,16,2,10,3,3,0,0,10,0,0,61,9.8,517,14:47,14,23,1,5,16.7\
206,Max Domi\\domima01,21,LW,ARI,26,5,11,16,-5,22,4,1,0,1,8,3,0,58,8.6,449,17:16,11,18,3,4,42.9\
207,Carl Hagelin\\hagelca01,28,LW,PIT,38,5,11,16,10,4,5,0,0,1,10,0,1,82,6.1,602,15:51,14,38,3,2,60.0\
208,Zach Hyman\\hymanza01,24,C,TOR,36,5,11,16,2,18,5,0,0,2,11,0,0,84,6,605,16:48,26,50,9,12,42.9\
209,Mark Streit\\streima01,39,D,PHI,31,5,11,16,-6,14,4,1,0,1,6,5,0,57,8.8,616,19:53,33,16,0,0,\
210,Jared Spurgeon\\spurgja01,27,D,MIN,32,4,12,16,23,12,4,0,0,1,9,2,1,60,6.7,762,23:48,63,20,0,0,\
211,Anze Kopitar\\kopitan01,29,C,LAK,32,3,13,16,-2,12,3,0,0,0,8,4,1,70,4.3,672,21:00,21,40,386,355,52.1\
212,Chris Kunitz\\kunitch01,37,LW,PIT,32,3,13,16,7,22,3,0,0,2,10,3,0,59,5.1,487,15:13,9,100,3,5,37.5\
213,Tomas Plekanec\\plekato01,34,C,MTL,37,3,13,16,9,10,1,1,1,2,10,3,0,65,4.6,644,17:25,25,36,344,341,50.2\
214,Ivan Provorov\\provoiv01,20,D,PHI,39,3,13,16,-3,14,3,0,0,1,11,2,0,67,4.5,828,21:14,77,55,0,0,\
215,Sami Vatanen\\vatansa01,25,D,ANA,36,2,14,16,4,12,0,2,0,0,6,8,0,48,4.2,796,22:07,71,40,0,0,\
216,Dmitry Orlov\\orlovdm01,25,D,WSH,36,1,15,16,13,24,1,0,0,0,13,2,0,57,1.8,686,19:03,44,58,0,0,\
217,Brady Skjei\\skjeibr01,22,D,NYR,38,1,15,16,1,18,1,0,0,0,12,3,0,49,2,630,16:34,32,68,0,1,0.0\
218,Dylan Larkin\\larkidy01,20,C,DET,37,11,4,15,-12,17,8,3,0,1,4,0,0,107,10.3,612,16:33,8,19,71,94,43.0\
219,Richard Panik\\panikri01,25,LW,CHI,40,9,6,15,0,12,7,2,0,2,5,1,0,68,13.2,561,14:02,21,88,0,5,0.0\
220,Matt Moulson\\moulsma01,33,LW,BUF,36,8,7,15,-3,4,1,7,0,1,3,4,0,69,11.6,479,13:18,11,23,0,0,\
221,Tobias Rieder\\riedeto01,24,RW,ARI,35,8,7,15,-6,2,6,2,0,0,4,2,1,78,10.3,617,17:38,15,13,2,3,40.0\
222,Zack Smith\\smithza01,28,C,OTT,35,8,7,15,6,31,6,0,2,0,7,0,0,69,11.6,559,15:59,18,58,140,134,51.1\
223,Alexandre Burrows\\burroal01,35,RW,VAN,34,7,8,15,0,33,7,0,0,0,7,0,1,69,10.1,495,14:33,6,23,0,4,0.0\
224,Zach Parise\\parisza01,32,LW,MIN,27,6,9,15,-3,16,4,2,0,0,7,2,0,82,7.3,494,18:17,37,21,3,1,75.0\
225,Andrew Shaw\\shawan01,25,C,MTL,29,6,9,15,12,58,5,1,0,0,7,2,0,58,10.3,437,15:04,13,74,115,92,55.6\
226,Mathew Dumba\\dumbama01,22,D,MIN,36,5,10,15,11,37,3,2,0,1,6,4,0,71,7,711,19:45,29,41,0,0,\
227,Mark Giordano\\giordma01,33,D,CGY,39,5,10,15,8,34,1,2,2,1,4,5,1,80,6.3,946,24:15:00,98,33,0,0,\
228,Nick Leddy\\leddyni01,25,D,NYI,35,5,10,15,-12,6,3,2,0,0,5,5,0,63,7.9,800,22:51,56,34,0,0,\
229,Dion Phaneuf\\phanedi01,31,D,OTT,37,5,10,15,-7,51,2,3,0,1,5,5,0,81,6.2,855,23:07,82,64,0,0,\
230,Mika Zibanejad\\zibanmi01,23,C,NYR,19,5,10,15,1,6,5,0,0,0,5,5,0,47,10.6,317,16:41,10,6,183,158,53.7\
231,Dustin Brown\\browndu01,32,RW,LAK,35,4,11,15,-11,10,1,2,1,1,9,2,0,72,5.6,560,16:01,13,99,0,2,0.0\
232,Brandon Dubinsky\\dubinbr01,30,C,CBJ,33,3,12,15,10,24,3,0,0,2,9,3,0,42,7.1,586,17:46,23,87,321,302,51.5\
233,Jesper Fast\\fastje01,25,RW,NYR,39,3,12,15,7,16,3,0,0,0,12,0,0,35,8.6,558,14:18,19,59,9,16,36.0\
234,Brayden Point\\pointbr01,20,C,TBL,36,3,12,15,-5,10,0,3,0,0,8,4,0,65,4.6,567,15:44,11,16,46,38,54.8\
235,Matt Stajan\\stajama01,33,C,CGY,39,3,12,15,7,12,3,0,0,1,10,0,2,31,9.7,515,13:12,28,28,199,182,52.2\
236,Nikita Zaitsev\\zaitsni01,25,D,TOR,36,1,14,15,-4,12,1,0,0,0,10,4,0,52,1.9,801,22:15,56,78,0,0,\
237,Josh Anderson\\anderjo05,22,RW,CBJ,35,8,6,14,10,41,8,0,0,2,6,0,0,52,15.4,426,12:11,22,66,6,17,26.1\
238,Martin Hanzal\\hanzama01,29,C,ARI,32,8,6,14,-16,35,5,3,0,1,3,3,0,71,11.3,589,18:25,23,72,354,298,54.3\
239,Matt Cullen\\cullema01,40,C,PIT,38,7,7,14,4,12,6,0,1,1,6,1,0,38,18.4,515,13:33,10,20,247,226,52.2\
240,Markus Granlund\\granlma01,23,C,VAN,39,7,7,14,-15,10,6,1,0,1,5,2,0,65,10.8,660,16:55,3,17,37,55,40.2\
241,Bobby Ryan\\ryanbo01,29,RW,OTT,32,7,7,14,1,10,6,1,0,0,5,2,0,52,13.5,490,15:19,17,48,1,2,33.3\
242,Jordan Staal\\staaljo01,28,C,CAR,29,7,7,14,-1,11,4,2,1,1,7,0,0,61,11.5,533,18:22,11,59,284,189,60.0\
243,Jay Beagle\\beaglja01,31,RW,WSH,36,6,8,14,11,8,5,0,1,2,6,0,2,45,13.3,473,13:09,21,23,283,196,59.1\
244,Jordan Martinook\\martijo01,24,LW,ARI,37,6,8,14,-2,16,5,1,0,0,7,0,1,60,10,609,16:28,35,31,234,289,44.7\
245,Brandon Pirri\\pirribr01,25,RW,NYR,37,6,8,14,0,15,2,4,0,3,4,4,0,57,10.5,464,12:33,11,21,92,74,55.4\
246,Devin Shore\\shorede01,22,C,DAL,38,6,8,14,-1,4,6,0,0,0,5,3,0,55,10.9,505,13:18,32,19,159,169,48.5\
247,Jason Pominville\\pominja01,34,RW,MIN,36,5,9,14,1,2,5,0,0,0,7,2,0,72,6.9,517,14:22,26,26,17,19,47.2\
248,Andre Burakovsky\\burakan01,21,LW,WSH,33,4,10,14,2,10,4,0,0,0,9,1,0,57,7,462,14:01,12,15,0,2,0.0\
249,Nic Dowd\\dowdni01,26,C,LAK,33,4,10,14,-7,8,3,1,0,2,6,4,0,41,9.8,442,13:23,18,81,176,189,48.2\
250,T.J. Brodie\\broditj01,26,D,CGY,39,3,11,14,-17,12,1,1,1,0,6,4,1,37,8.1,909,23:19,52,14,0,0,\
251,Jonas Brodin\\brodijo01,23,D,MIN,36,3,11,14,1,14,1,2,0,2,9,2,0,52,5.8,727,20:12,62,10,0,0,\
252,Cal Clutterbuck\\cluttca01,29,RW,NYI,35,3,11,14,6,16,3,0,0,1,10,1,0,59,5.1,514,14:40,15,127,2,2,50.0\
253,Ian Cole\\coleia01,27,D,PIT,38,2,12,14,15,42,2,0,0,0,11,1,0,42,4.8,709,18:40,84,83,0,0,\
254,Jaccob Slavin\\slavija01,22,D,CAR,36,1,13,14,6,4,1,0,0,0,8,4,1,53,1.9,838,23:17,78,14,0,0,\
255,Brian Boyle\\boylebr01,32,C,TBL,36,10,3,13,7,31,7,3,0,0,2,1,0,59,16.9,472,13:07,20,60,114,111,50.7\
256,Rene Bourque\\bourqre01,35,RW,COL,35,9,4,13,-13,25,7,2,0,2,4,0,0,62,14.5,525,14:59,16,51,0,3,0.0\
257,Evander Kane\\kaneev01,25,LW,BUF,25,8,5,13,-10,37,7,1,0,1,2,3,0,77,10.4,464,18:34,10,48,30,35,46.2\
258,Nick Ritchie\\ritchni01,21,LW,ANA,37,8,5,13,-3,22,7,1,0,1,5,0,0,69,11.6,494,13:20,9,126,2,3,40.0\
259,Patrik Berglund\\berglpa01,28,C,STL,38,6,7,13,-6,16,6,0,0,0,6,1,0,63,9.5,571,15:02,22,69,252,223,53.1\
260,Ryan Hartman\\hartmry01,22,RW,CHI,35,6,7,13,5,14,6,0,0,2,7,0,0,67,9,441,12:36,14,58,7,9,43.8\
261,Leo Komarov\\komarle01,30,C,TOR,36,6,7,13,5,17,4,1,1,1,5,2,0,48,12.5,614,17:04,22,121,38,49,43.7\
262,Craig Smith\\smithcr01,27,RW,NSH,35,6,7,13,0,24,4,2,0,0,6,1,0,65,9.2,492,14:03,6,44,41,47,46.6\
263,Ryan Strome\\stromry01,23,RW,NYI,33,6,7,13,-4,16,5,1,0,1,5,2,0,58,10.3,469,14:12,10,23,94,134,41.2\
264,Radek Faksa\\faksara01,23,C,DAL,38,5,8,13,5,25,5,0,0,0,8,0,0,69,7.2,620,16:19,40,60,288,333,46.4\
265,John Moore\\moorejo01,26,D,NJD,37,5,8,13,-7,33,5,0,0,0,6,2,0,51,9.8,700,18:56,38,31,0,0,\
266,Shane Prince\\princsh01,24,C,NYI,29,5,8,13,-8,6,4,1,0,2,7,1,0,46,10.9,370,12:45,8,26,3,2,60.0\
267,Casey Cizikas\\cizikca01,25,C,NYI,30,4,9,13,8,18,4,0,0,1,8,1,0,33,12.1,430,14:19,36,72,225,238,48.6\
268,Elias Lindholm\\lindhel01,22,C,CAR,30,4,9,13,-5,6,4,0,0,0,5,2,2,62,6.5,539,17:58,27,40,153,140,52.2\
269,Vladislav Namestnikov\\namesvl01,24,C,TBL,34,4,9,13,-7,17,2,2,0,0,6,3,0,49,8.2,487,14:19,15,27,73,81,47.4\
270,Jean-Gabriel Pageau\\pageaje01,24,C,OTT,37,4,9,13,5,6,4,0,0,1,9,0,0,67,6,593,16:01,30,76,197,166,54.3\
271,Dennis Seidenberg\\seidede01,35,D,NYI,29,4,9,13,17,18,4,0,0,0,9,0,0,31,12.9,560,19:18,62,43,0,0,\
272,Mattias Ekholm\\ekholma01,26,D,NSH,36,1,12,13,-3,14,1,0,0,0,9,2,1,54,1.9,849,23:35,59,25,0,0,\
273,Alex Goligoski\\goligal01,31,D,ARI,37,1,12,13,-13,8,1,0,0,0,8,4,0,53,1.9,874,23:37,67,53,0,0,\
274,Andrew Ladd\\laddan01,31,LW,NYI,36,8,4,12,-9,22,7,1,0,1,4,0,0,59,13.6,580,16:06,28,39,2,2,50.0\
275,Dominic Moore\\mooredo01,36,C,BOS,40,8,4,12,4,18,6,0,2,1,4,0,0,46,17.4,512,12:49,22,30,180,156,53.6\
276,Patrice Bergeron\\bergepa01,31,C,BOS,37,7,5,12,-1,8,4,3,0,4,4,1,0,130,5.4,713,19:17,24,29,487,361,57.4\
277,Jack Eichel\\eicheja01,20,C,BUF,15,7,5,12,1,4,5,2,0,2,2,3,0,60,11.7,287,19:09,11,11,71,95,42.8\
278,Torrey Mitchell\\mitchto01,32,C,MTL,37,7,5,12,7,22,7,0,0,1,5,0,0,36,19.4,499,13:29,28,20,227,201,53.0\
279,Gabriel Landeskog\\landega01,24,LW,COL,27,6,6,12,-11,28,4,2,0,2,6,0,0,54,11.1,504,18:40,12,64,20,25,44.4\
280,Bryan Little\\littlbr01,29,C,WPG,16,6,6,12,1,4,4,2,0,1,5,1,0,40,15,270,16:54,3,5,176,125,58.5\
281,Jason Chimera\\chimeja01,37,LW,NYI,36,5,7,12,-5,18,5,0,0,0,7,0,0,50,10,468,13:00,18,61,9,14,39.1\
282,Marcus Foligno\\foligma01,25,LW,BUF,36,5,7,12,4,32,5,0,0,0,7,0,0,47,10.6,565,15:41,32,110,1,2,33.3\
283,William Karlsson\\karlswi01,24,C,CBJ,35,5,7,12,10,2,5,0,0,2,6,0,1,51,9.8,497,14:12,7,16,191,240,44.3\
284,Oscar Klefbom\\klefbos01,23,D,EDM,38,5,7,12,-5,0,4,1,0,2,4,3,0,87,5.7,812,21:22,58,22,0,0,\
285,Trevor Lewis\\lewistr01,30,C,LAK,37,5,7,12,-5,10,5,0,0,1,6,1,0,64,7.8,525,14:12,15,87,25,39,39.1\
286,Colton Sceviour\\scevico01,27,C,FLA,37,5,7,12,-10,14,2,1,2,1,5,2,0,69,7.2,553,14:57,29,50,25,20,55.6\
287,Johnny Boychuk\\boychjo01,33,D,NYI,35,4,8,12,1,15,3,0,1,1,7,1,0,74,5.4,693,19:48,74,78,1,0,100.0\
288,Joonas Donskoi\\donskjo01,24,RW,SJS,36,4,8,12,-1,8,3,1,0,0,5,3,0,65,6.2,519,14:24,14,14,6,5,54.5\
289,Christian Dvorak\\dvorach01,20,LW,ARI,33,4,8,12,5,6,4,0,0,0,7,1,0,25,16,444,13:27,23,32,145,173,45.6\
290,Ryan Ellis\\ellisry01,26,D,NSH,28,4,8,12,6,19,4,0,0,2,3,4,1,44,9.1,680,24:17:00,56,34,0,0,\
291,Mikhail Grigorenko\\grigomi01,22,C,COL,35,4,8,12,-6,14,4,0,0,0,5,3,0,44,9.1,515,14:43,11,12,55,49,52.9\
292,Derek Ryan\\ryande01,30,C,CAR,23,4,8,12,-5,6,1,2,1,2,4,4,0,26,15.4,316,13:45,12,14,107,90,54.3\
293,Trevor Daley\\daleytr01,33,D,PIT,33,3,9,12,6,27,2,1,0,0,5,3,1,47,6.4,681,20:38,56,16,0,0,\
294,Paul Martin\\martipa01,35,D,SJS,37,3,9,12,9,12,3,0,0,1,9,0,0,26,11.5,695,18:47,57,20,0,0,\
295,Michael Matheson\\mathemi01,22,D,FLA,37,3,9,12,-2,14,3,0,0,0,8,1,0,90,3.3,755,20:24,47,30,1,0,100.0\
296,Dennis Wideman\\widemde01,33,D,CGY,32,3,9,12,2,22,1,2,0,0,7,2,0,58,5.2,674,21:03,38,32,0,0,\
297,Travis Hamonic\\hamontr01,26,D,NYI,33,2,10,12,-14,49,2,0,0,0,9,1,0,54,3.7,686,20:47,70,42,0,0,\
298,Noah Hanifin\\hanifno01,20,D,CAR,36,2,10,12,-9,22,0,2,0,0,6,4,0,51,3.9,617,17:08,23,24,0,0,\
299,Tyler Pitlick\\pitlity01,25,RW,EDM,31,8,3,11,0,6,8,0,0,1,3,0,0,54,14.8,308,9:55,13,70,8,7,53.3\
300,Adam Lowry\\lowryad01,23,C,WPG,39,7,4,11,-2,19,6,1,0,0,1,2,1,52,13.5,613,15:43,23,100,298,318,48.4\
301,Brett Ritchie\\ritchbr01,23,RW,DAL,38,7,4,11,3,19,6,1,0,0,4,0,0,85,8.2,493,12:58,12,64,1,0,100.0\
302,Erik Haula\\haulaer01,25,C,MIN,26,6,5,11,3,10,6,0,0,2,5,0,0,53,11.3,367,14:06,11,15,160,137,53.9\
303,Boone Jenner\\jennebo01,23,C,CBJ,35,6,5,11,1,19,6,0,0,1,4,1,0,77,7.8,533,15:14,30,86,42,31,57.5\
304,Johan Larsson\\larssjo02,24,C,BUF,36,6,5,11,-7,20,5,1,0,2,5,0,0,49,12.2,607,16:51,23,33,261,271,49.1\
305,Alex Chiasson\\chiasal01,26,RW,CGY,39,5,6,11,3,23,4,0,1,1,5,1,0,49,10.2,540,13:51,4,38,1,15,6.3\
306,Austin Czarnik\\czarnau01,24,C,BOS,36,5,6,11,-4,10,5,0,0,1,4,2,0,49,10.2,496,13:46,21,14,32,53,37.6\
307,Micheal Ferland\\ferlami01,24,LW,CGY,39,5,6,11,-5,19,3,2,0,0,5,1,0,47,10.6,425,10:53,11,74,0,4,0.0\
308,Nikolai Kulemin\\kulemni01,30,LW,NYI,34,5,6,11,2,6,5,0,0,1,6,0,0,35,14.3,464,13:39,24,40,8,4,66.7\
309,Tim Schaller\\schalti01,26,C,BOS,34,5,6,11,-8,21,5,0,0,1,6,0,0,54,9.3,436,12:49,18,38,22,21,51.2\
310,Shane Doan\\doansh01,40,RW,ARI,37,4,7,11,-3,30,3,1,0,0,6,1,0,80,5,562,15:11,16,59,69,76,47.6\
311,Ben Hutton\\huttobe01,23,D,VAN,39,4,7,11,-13,18,3,1,0,1,2,5,0,70,5.7,821,21:03,58,26,0,0,\
312,Lauri Korpikoski\\korpila01,30,LW,DAL,37,4,7,11,1,8,4,0,0,0,6,0,1,64,6.3,509,13:46,16,20,0,4,0.0\
313,Jori Lehtera\\lehtejo01,29,C,STL,33,4,7,11,-2,12,4,0,0,1,6,1,0,33,12.1,511,15:28,15,30,223,213,51.1\
314,Thomas Hickey\\hicketh01,27,D,NYI,36,3,8,11,4,12,3,0,0,1,7,1,0,42,7.1,656,18:14,61,45,0,0,\
315,Derek Forbort\\forbode01,24,D,LAK,37,2,9,11,4,40,2,0,0,0,9,0,0,37,5.4,708,19:09,79,69,1,0,100.0\
316,Andrew MacDonald\\macdoan01,30,D,PHI,31,2,9,11,-1,8,2,0,0,0,9,0,0,20,10,611,19:43,64,15,0,0,\
317,Erik Johnson\\johnser01,28,D,COL,23,1,10,11,-2,4,1,0,0,0,5,5,0,47,2.1,506,22:01,62,44,0,0,\
318,Anton Stralman\\stralan01,30,D,TBL,29,1,10,11,2,4,1,0,0,0,5,5,0,44,2.3,664,22:54,27,40,0,0,\
319,Aaron Ekblad\\ekblaaa01,20,D,FLA,38,7,3,10,-17,36,5,2,0,2,1,2,0,129,5.4,870,22:54,31,63,0,0,\
320,Kevin Labanc\\labanke01,21,RW,SJS,24,7,3,10,5,12,7,0,0,2,2,1,0,37,18.9,315,13:09,4,9,0,2,0.0\
321,Chris Stewart\\stewach02,29,RW,MIN,36,7,3,10,0,47,7,0,0,0,2,1,0,33,21.2,378,10:30,10,43,1,4,20.0\
322,Matt Read\\readma01,30,RW,PHI,28,6,4,10,-2,2,4,2,0,0,4,0,0,42,14.3,411,14:41,15,45,3,8,27.3\
323,Dwight King\\kingdw01,27,LW,LAK,37,5,5,10,3,6,5,0,0,1,5,0,0,54,9.3,566,15:19,14,58,3,6,33.3\
324,Chris VandeVelde\\vandech01,29,C,PHI,39,5,5,10,-4,8,5,0,0,0,5,0,0,38,13.2,465,11:55,29,57,19,14,57.6\
325,Nick Cousins\\cousini01,23,C,PHI,34,4,6,10,-5,21,3,1,0,0,5,1,0,44,9.1,377,11:05,11,34,72,107,40.2\
326,Carl Soderberg\\soderca01,31,C,COL,37,4,6,10,-7,14,3,1,0,0,6,0,0,70,5.7,586,15:50,26,19,199,187,51.6\
327,Scott Wilson\\wilsosc01,24,LW,PIT,35,4,6,10,-1,4,4,0,0,1,6,0,0,63,6.3,388,11:05,14,83,1,0,100.0\
328,Brian Campbell\\campbbr02,37,D,CHI,39,3,7,10,7,12,2,1,0,0,5,2,0,39,7.7,732,18:47,42,24,0,0,\
329,Marko Dano\\danoma01,22,C,WPG,28,3,7,10,2,8,1,2,0,0,7,0,0,31,9.7,321,11:28,10,63,1,3,25.0\
330,Chris Tierney\\tiernch01,22,C,SJS,37,3,7,10,-5,0,2,0,1,1,6,0,1,38,7.9,522,14:07,21,18,186,206,47.4\
331,Jordie Benn\\bennjo01,29,D,DAL,35,2,8,10,1,20,2,0,0,0,5,2,1,34,5.9,664,18:59,67,24,0,0,\
332,Jack Johnson\\johnsja02,30,D,CBJ,35,2,8,10,21,18,1,1,0,0,8,0,0,42,4.8,757,21:38,60,42,1,0,100.0\
333,Marcus Kruger\\krugema01,26,C,CHI,39,2,8,10,5,18,2,0,0,0,8,0,0,43,4.7,546,14:01,30,15,235,226,51.0\
334,Joel Ward\\wardjo02,36,RW,SJS,35,2,8,10,0,12,1,0,1,1,8,0,0,44,4.5,555,15:51,24,34,89,96,48.1\
335,Radko Gudas\\gudasra01,26,D,PHI,29,1,9,10,1,43,1,0,0,0,8,1,0,48,2.1,574,19:47,75,119,0,0,\
336,David Savard\\savarda01,26,D,CBJ,35,1,9,10,24,22,1,0,0,0,9,0,0,53,1.9,755,21:35,63,57,0,0,\
337,Troy Stecher\\stechtr01,22,D,VAN,30,1,9,10,-3,15,1,0,0,0,5,4,0,74,1.4,625,20:50,30,20,0,0,\
338,Jacob Trouba\\troubja01,22,D,WPG,24,1,9,10,1,16,1,0,0,0,8,0,1,48,2.1,568,23:40,52,34,0,0,\
339,Kevin Klein\\kleinke01,32,D,NYR,35,0,10,10,6,13,0,0,0,0,8,1,1,33,0,614,17:32,77,80,0,0,\
340,Artturi Lehkonen\\lehkoar01,21,LW,MTL,28,7,2,9,4,6,6,1,0,1,1,1,0,58,12.1,382,13:39,9,23,0,0,\
341,Michael Raffl\\rafflmi01,28,LW,PHI,29,7,2,9,1,13,7,0,0,2,2,0,0,38,18.4,400,13:47,10,52,2,2,50.0\
342,Viktor Stalberg\\stalbvi01,31,LW,CAR,35,7,2,9,-4,25,6,0,1,2,2,0,0,50,14,418,11:56,9,70,0,3,0.0\
343,Sean Couturier\\coutuse01,24,C,PHI,23,6,3,9,-4,14,6,0,0,1,1,1,1,38,15.8,419,18:13,14,17,193,189,50.5\
344,Jamie McGinn\\mcginja01,28,LW,ARI,32,6,3,9,-4,19,6,0,0,2,3,0,0,62,9.7,434,13:34,10,64,0,1,0.0\
345,Jannik Hansen\\hanseja01,30,RW,VAN,18,5,4,9,0,25,5,0,0,1,4,0,0,30,16.7,291,16:11,3,18,0,0,\
346,Jarome Iginla\\iginlja01,39,RW,COL,37,5,4,9,-8,43,3,2,0,0,1,3,0,77,6.5,563,15:12,11,40,8,6,57.1\
347,Brad Richardson\\richabr02,31,RW,ARI,16,5,4,9,-1,15,3,0,2,0,3,0,1,25,20,246,15:21,7,19,121,109,52.6\
348,Daniel Winnik\\winnida01,31,LW,WSH,26,5,4,9,9,17,4,0,1,1,4,0,0,26,19.2,310,11:54,15,12,4,4,50.0\
349,Anthony Beauvillier\\beauvan01,19,LW,NYI,26,4,5,9,2,6,4,0,0,0,5,0,0,28,14.3,309,11:52,10,28,21,22,48.8\
350,Michael Del Zotto\\delzomi01,26,D,PHI,22,4,5,9,-5,4,4,0,0,0,5,0,0,43,9.3,424,19:18,42,83,0,0,\
351,Tomas Hertl\\hertlto01,23,C,SJS,17,4,5,9,0,10,3,1,0,1,4,1,0,39,10.3,280,16:28,5,26,88,69,56.1\
352,Vinnie Hinostroza\\hinosvi01,22,LW,CHI,31,4,5,9,-2,10,4,0,0,1,5,0,0,50,8,372,11:00,16,20,66,99,40.0\
353,Derek MacKenzie\\mackede01,35,C,FLA,38,4,5,9,2,15,4,0,0,0,3,0,2,44,9.1,460,12:06,21,92,196,185,51.4\
354,Tom Pyatt\\pyattto01,29,LW,OTT,37,4,5,9,0,10,4,0,0,0,4,0,1,47,8.5,579,15:39,49,18,11,17,39.3\
355,Devin Setoguchi\\setogde01,30,RW,LAK,31,4,5,9,-1,6,4,0,0,0,4,1,0,42,9.5,406,13:05,8,43,2,2,50.0\
356,Anthony Deangelo\\deangan01,21,D,ARI,20,3,6,9,-4,14,1,2,0,0,2,4,0,38,7.9,379,18:57,28,11,0,0,\
357,David Desharnais\\deshada01,30,C,MTL,25,3,6,9,4,4,3,0,0,0,4,2,0,23,13,327,13:04,5,1,58,71,45.0\
358,Andy Greene\\greenan01,34,D,NJD,38,3,6,9,-10,2,2,0,1,1,5,1,0,51,5.9,839,22:05,77,33,0,0,\
359,Brandon Manning\\mannibr01,26,D,PHI,34,3,6,9,-5,27,2,0,1,1,6,0,0,42,7.1,615,18:05,32,66,0,0,\
360,Lukas Sedlak\\sedlalu01,23,LW,CBJ,33,3,6,9,8,12,3,0,0,0,6,0,0,29,10.3,309,9:23,13,34,97,105,48.0\
361,Marc-Edouard Vlasic\\vlasima01,29,D,SJS,35,3,6,9,1,31,2,1,0,2,3,3,0,63,4.8,739,21:07,67,11,0,0,\
362,Zdeno Chara\\charazd01,39,D,BOS,34,2,7,9,7,29,2,0,0,0,6,1,0,48,4.2,791,23:16,73,59,0,0,\
363,Calvin de Haan\\dehaaca01,25,D,NYI,36,2,7,9,9,26,2,0,0,0,7,0,0,53,3.8,661,18:22,101,61,0,0,\
364,Zack Kassian\\kassiza01,26,RW,EDM,35,2,7,9,0,68,2,0,0,0,7,0,0,52,3.8,412,11:45,7,78,1,0,100.0\
365,Kyle Quincey\\quincky01,31,D,NJD,36,2,7,9,4,18,2,0,0,0,7,0,0,43,4.7,634,17:36,51,52,0,0,\
366,Nathan Beaulieu\\beaulna01,24,D,MTL,31,1,8,9,15,25,1,0,0,1,5,3,0,48,2.1,591,19:05,49,33,0,0,\
367,Toby Enstrom\\enstrto01,32,D,WPG,36,1,8,9,2,26,0,0,1,0,3,5,0,31,3.2,825,22:55,49,14,0,0,\
368,Luke Glendening\\glendlu01,27,C,DET,37,1,8,9,-7,16,1,0,0,0,7,1,0,46,2.2,525,14:11,41,95,162,131,55.3\
369,Dan Hamhuis\\hamhuda01,34,D,DAL,36,1,8,9,0,8,0,1,0,0,6,0,2,42,2.4,698,19:23,49,43,0,0,\
370,Dmitrij Jaskin\\jaskidm01,23,RW,STL,32,1,8,9,4,12,1,0,0,0,8,0,0,34,2.9,371,11:35,10,58,3,4,42.9\
371,Brett Pesce\\pescebr01,22,D,CAR,36,1,8,9,8,6,1,0,0,0,7,1,0,45,2.2,753,20:55,70,29,0,0,\
372,Nic Petan\\petanni01,21,LW,WPG,18,1,8,9,-2,2,1,0,0,0,3,5,0,23,4.3,256,14:15,5,6,68,81,45.6\
373,Luca Sbisa\\sbisalu01,27,D,VAN,39,1,8,9,4,28,1,0,0,0,8,0,0,32,3.1,715,18:20,60,62,0,0,\
374,Brooks Orpik\\orpikbr01,36,D,WSH,36,0,9,9,10,12,0,0,0,0,9,0,0,39,0,627,17:25,53,83,0,0,\
375,Blake Comeau\\comeabl01,30,LW,COL,33,6,2,8,-6,36,3,2,1,0,2,0,0,49,12.2,523,15:50,11,69,73,78,48.3\
376,Kyle Brodziak\\brodzky01,32,C,STL,37,5,3,8,-3,23,5,0,0,1,3,0,0,35,14.3,376,10:10,22,34,127,143,47.0\
377,Calle Jarnkrok\\jarnkca01,25,C,NSH,36,5,3,8,-3,4,5,0,0,0,3,0,0,42,11.9,500,13:53,8,21,167,193,46.4\
378,Justin Abdelkader\\abdelju01,29,LW,DET,22,4,4,8,-4,13,2,2,0,0,3,0,1,35,11.4,362,16:26,8,52,0,4,0.0\
379,Pavel Buchnevich\\buchnpa01,21,RW,NYR,10,4,4,8,4,4,3,1,0,0,2,2,0,18,22.2,151,15:06,3,3,0,1,0.0\
380,Niklas Hjalmarsson\\hjalmni01,29,D,CHI,39,4,4,8,3,8,4,0,0,0,4,0,0,39,10.3,848,21:44,88,17,0,0,\
381,Melker Karlsson\\karlsme01,26,C,SJS,30,4,4,8,6,6,4,0,0,0,4,0,0,25,16,360,12:01,28,24,0,3,0.0\
382,Denis Malgin\\malgide01,20,C,FLA,34,4,4,8,-2,8,3,1,0,1,4,0,0,47,8.5,398,11:43,10,21,56,96,36.8\
383,Matt Irwin\\irwinma01,29,D,NSH,30,3,5,8,12,8,3,0,0,1,5,0,0,48,6.3,489,16:19,48,71,0,0,\
384,Jussi Jokinen\\jokinju01,33,LW,FLA,28,3,5,8,-7,16,2,1,0,2,4,1,0,55,5.5,507,18:06,13,8,18,16,52.9\
385,Curtis McKenzie\\mckencu01,25,LW,DAL,27,3,5,8,4,40,3,0,0,1,5,0,0,41,7.3,293,10:50,16,49,2,2,50.0\
386,Jake Muzzin\\muzzija01,27,D,LAK,37,3,5,8,-5,24,2,1,0,0,5,0,0,73,4.1,812,21:57,55,75,0,0,\
387,Mathieu Perreault\\perrema01,29,C,WPG,25,3,5,8,-11,16,2,1,0,0,4,1,0,52,5.8,406,16:13,7,40,95,89,51.6\
388,Beau Bennett\\bennebe01,25,RW,NJD,32,2,6,8,-8,12,1,1,0,0,5,1,0,56,3.6,441,13:46,6,38,1,6,14.3\
389,Mikkel Boedker\\boedkmi01,27,LW,SJS,37,2,6,8,-6,8,2,0,0,0,5,1,0,43,4.7,541,14:38,13,33,3,9,25.0\
390,Brandon Carlo\\carlobr01,20,D,BOS,40,2,6,8,3,23,2,0,0,0,6,0,0,48,4.2,879,21:59,62,41,0,0,\
391,Ron Hainsey\\hainsro01,35,D,CAR,36,2,6,8,-7,15,1,0,1,0,6,0,0,37,5.4,798,22:09,54,52,0,0,\
392,Alan Quine\\quineal01,23,C,NYI,26,2,6,8,0,2,1,1,0,1,6,0,0,35,5.7,314,12:05,14,39,104,91,53.3\
393,Patrick Wiercioch\\wiercpa01,26,D,COL,33,2,6,8,-12,17,2,0,0,0,6,0,0,40,5,581,17:36,35,30,1,0,100.0\
394,Jay Bouwmeester\\bouwmja01,33,D,STL,38,1,7,8,-6,18,1,0,0,0,7,0,0,47,2.1,860,22:39,44,36,0,0,\
395,Cody Franson\\fransco01,29,D,BUF,33,1,7,8,2,20,0,1,0,0,7,0,0,48,2.1,589,17:51,31,32,0,0,\
396,Josh Manson\\mansojo01,25,D,ANA,39,1,7,8,2,50,1,0,0,0,6,0,1,40,2.5,745,19:07,37,105,0,0,\
397,Jesse Puljujarvi\\puljuje01,18,RW,EDM,26,1,7,8,5,8,0,1,0,0,7,0,0,41,2.4,302,11:38,10,11,0,1,0.0\
398,David Schlemko\\schleda01,29,D,SJS,30,1,7,8,3,8,0,1,0,0,5,2,0,58,1.7,515,17:10,44,22,0,0,\
399,Fedor Tyutin\\tyutife01,33,D,COL,31,1,7,8,-14,12,1,0,0,0,7,0,0,22,4.5,584,18:51,41,64,0,0,\
400,Chris Wideman\\widemch01,27,D,OTT,32,1,7,8,4,16,1,0,0,1,6,1,0,46,2.2,418,13:03,19,32,0,0,\
401,Francois Beauchemin\\beaucfr01,36,D,COL,37,0,8,8,-1,14,0,0,0,0,6,2,0,50,0,765,20:40,87,32,0,0,\
402,Joel Edmundson\\edmunjo01,23,D,STL,26,0,8,8,-2,30,0,0,0,0,8,0,0,31,0,440,16:55,34,56,0,0,\
403,Matt Hunwick\\hunwima01,31,D,TOR,28,0,8,8,5,8,0,0,0,0,8,0,0,28,0,500,17:52,45,44,0,0,\
404,Andreas Athanasiou\\athanan01,22,C,DET,23,5,2,7,-4,9,5,0,0,0,2,0,0,40,12.5,278,12:04,6,9,26,29,47.3\
405,Matt Calvert\\calvema01,27,LW,CBJ,30,5,2,7,6,35,3,0,2,1,2,0,0,43,11.6,424,14:08,20,29,2,11,15.4\
406,Kevin Fiala\\fialake01,20,LW,NSH,26,5,2,7,-1,8,5,0,0,1,2,0,0,61,8.2,339,13:03,7,27,0,0,\
407,Benoit Pouliot\\poulibe01,30,LW,EDM,33,5,2,7,-2,24,5,0,0,1,2,0,0,42,11.9,480,14:34,20,17,4,9,30.8\
408,Andrew Copp\\coppan01,22,C,WPG,26,4,3,7,0,6,3,0,1,1,3,0,0,32,12.5,317,12:10,13,34,44,50,46.8\
409,Brian Flynn\\flynnbr01,28,C,MTL,26,4,3,7,8,4,4,0,0,0,3,0,0,29,13.8,318,12:13,15,10,55,49,52.9\
410,Darren Helm\\helmda01,30,C,DET,17,4,3,7,6,8,2,2,0,1,2,0,1,28,14.3,259,15:14,6,21,106,83,56.1\
411,Nick Lappin\\lappini01,24,RW,NJD,30,4,3,7,-6,17,4,0,0,0,3,0,0,42,9.5,365,12:10,5,28,2,4,33.3\
412,Tyler Motte\\mottety01,21,LW,CHI,33,4,3,7,2,14,4,0,0,0,3,0,0,46,8.7,376,11:23,24,27,4,6,40.0\
413,Scottie Upshall\\upshasc01,33,RW,STL,35,4,3,7,-7,19,4,0,0,1,3,0,0,35,11.4,360,10:18,7,35,1,3,25.0\
414,Anthony Duclair\\duclaan01,21,LW,ARI,34,3,4,7,-4,14,3,0,0,0,4,0,0,45,6.7,465,13:41,11,14,4,1,80.0\
415,Dan Girardi\\girarda01,32,D,NYR,35,3,4,7,5,8,3,0,0,3,3,0,1,34,8.8,657,18:47,96,62,0,0,\
416,Joakim Nordstrom\\nordsjo02,24,LW,CAR,36,3,4,7,-3,8,2,0,1,1,4,0,0,48,6.3,478,13:16,24,46,3,10,23.1\
417,Cedric Paquette\\paquece01,23,C,TBL,31,3,4,7,-2,37,3,0,0,0,4,0,0,33,9.1,339,10:57,22,78,96,114,45.7\
418,Nick Shore\\shoreni01,24,C,LAK,36,3,4,7,0,14,3,0,0,1,4,0,0,39,7.7,442,12:16,13,30,151,180,45.6\
419,Ondrej Kase\\kaseon01,21,RW,ANA,23,2,5,7,-5,12,2,0,0,1,5,0,0,35,5.7,281,12:14,9,18,1,3,25.0\
420,Chris Kelly\\kellych01,36,C,OTT,37,2,5,7,-4,10,2,0,0,1,5,0,0,38,5.3,483,13:03,24,35,131,168,43.8\
421,Pavel Zacha\\zachapa01,19,C,NJD,31,2,5,7,-11,10,1,1,0,0,3,2,0,31,6.5,438,14:09,16,28,102,132,43.6\
422,Jakob Chychrun\\chychja01,18,D,ARI,29,1,6,7,-2,35,1,0,0,0,6,0,0,31,3.2,479,16:32,49,44,0,0,\
423,Deryk Engelland\\engelde01,34,D,CGY,39,1,6,7,8,50,1,0,0,1,6,0,0,50,2,713,18:18,62,71,1,0,100.0\
424,Jonathan Ericsson\\ericsjo01,32,D,DET,34,1,6,7,-1,51,1,0,0,0,6,0,0,34,2.9,640,18:49,23,59,0,0,\
425,Mark Pysyk\\pysykma01,25,D,FLA,38,1,6,7,0,6,1,0,0,0,6,0,0,41,2.4,706,18:35,47,27,0,1,0.0\
426,Austin Watson\\watsoau01,25,LW,NSH,32,1,6,7,7,28,1,0,0,0,5,0,1,34,2.9,373,11:39,19,57,0,3,0.0\
427,Brian Dumoulin\\dumoubr01,25,D,PIT,35,0,7,7,-8,10,0,0,0,0,5,2,0,45,0,692,19:45,45,61,0,0,\
428,Jake McCabe\\mccabja01,23,D,BUF,36,0,7,7,0,18,0,0,0,0,6,1,0,37,0,772,21:27,49,43,0,0,\
429,Connor Murphy\\murphco02,23,D,ARI,33,0,7,7,-12,27,0,0,0,0,7,0,0,32,0,674,20:25,47,75,0,0,\
430,Paul Postma\\postmpa01,27,D,WPG,33,0,7,7,-1,4,0,0,0,0,7,0,0,25,0,390,11:49,22,16,0,0,\
431,Matt Puempel\\puempma01,24,LW,TOT,26,5,1,6,-8,9,2,3,0,1,1,0,0,29,17.2,241,9:17,6,21,0,1,0.0\
432,Adam Cracknell\\crackad01,31,RW,DAL,35,4,2,6,6,2,4,0,0,2,2,0,0,48,8.3,361,10:18,19,43,45,41,52.3\
433,Eric Fehr\\fehrer01,31,C,PIT,33,4,2,6,-3,6,4,0,0,2,2,0,0,37,10.8,369,11:11,24,44,32,30,51.6\
434,Jack Skille\\skillja01,29,RW,VAN,32,4,2,6,-1,6,4,0,0,0,2,0,0,39,10.3,276,8:38,9,46,0,0,\
435,Tommy Wingels\\wingeto01,28,C,SJS,29,4,2,6,0,13,4,0,0,2,2,0,0,34,11.8,282,9:43,14,51,53,69,43.4\
436,Karl Alzner\\alzneka01,28,D,WSH,36,3,3,6,8,12,3,0,0,0,3,0,0,39,7.7,731,20:18,64,46,0,0,\
437,Lars Eller\\ellerla01,27,C,WSH,35,3,3,6,-2,24,3,0,0,0,3,0,0,47,6.4,491,14:02,10,27,174,200,46.5\
438,Zemgus Girgensons\\girgeze01,23,C,BUF,36,3,3,6,-6,4,3,0,0,0,3,0,0,57,5.3,432,11:59,11,49,107,102,51.2\
439,Stephen Johns\\johnsst03,24,D,DAL,27,3,3,6,-1,17,3,0,0,1,3,0,0,33,9.1,495,18:20,47,74,0,0,\
440,Esa Lindell\\lindees01,22,D,DAL,29,3,3,6,4,8,3,0,0,2,2,1,0,37,8.1,589,20:18,47,41,0,1,0.0\
441,Dennis Rasmussen\\rasmude01,26,C,CHI,37,3,3,6,-3,8,3,0,0,0,3,0,0,41,7.3,461,12:28,30,32,78,94,45.3\
442,Marc Staal\\staalma01,30,D,NYR,39,3,3,6,11,22,3,0,0,0,2,0,1,44,6.8,763,19:34,54,40,0,0,\
443,Nail Yakupov\\yakupna01,23,RW,STL,21,3,3,6,-2,10,3,0,0,0,3,0,0,17,17.6,216,10:17,3,16,0,0,\
444,Justin Braun\\braunju01,29,D,SJS,37,2,4,6,-5,10,2,0,0,0,4,0,0,37,5.4,746,20:10,62,57,0,0,\
445,Drake Caggiula\\caggidr01,22,LW,EDM,20,2,4,6,-2,2,1,1,0,0,3,1,0,25,8,262,13:06,4,39,29,43,40.3\
446,Kyle Clifford\\cliffky01,26,LW,LAK,30,2,4,6,1,45,2,0,0,0,4,0,0,52,3.8,319,10:39,2,63,0,1,0.0\
447,Joseph Cramarossa\\cramajo01,24,LW,ANA,27,2,4,6,-3,35,2,0,0,0,3,0,1,16,12.5,272,10:05,14,64,2,0,100.0\
448,Danny DeKeyser\\dekeyda01,26,D,DET,37,2,4,6,-9,17,2,0,0,1,4,0,0,37,5.4,828,22:22,74,45,0,0,\
449,Adam Larsson\\larssad01,24,D,EDM,38,2,4,6,-3,26,2,0,0,0,4,0,0,38,5.3,764,20:07,69,116,0,0,\
450,Nikita Nesterov\\nesteni01,23,D,TBL,26,2,4,6,3,18,1,1,0,0,4,0,0,33,6.1,414,15:55,14,37,0,0,\
451,Ryan Reaves\\reavery01,30,RW,STL,36,2,4,6,2,24,2,0,0,1,4,0,0,25,8,277,7:41,6,84,0,0,\
452,Devante Smith-Pelly\\smithde06,24,RW,NJD,32,2,4,6,-9,8,2,0,0,0,2,2,0,52,3.8,429,13:25,9,59,16,18,47.1\
453,Drew Stafford\\staffdr01,31,RW,WPG,24,2,4,6,1,8,2,0,0,1,3,1,0,38,5.3,333,13:54,1,26,2,7,22.2\
454,Daniel Carr\\carrda01,25,LW,MTL,23,1,5,6,6,6,1,0,0,1,5,0,0,33,3,234,10:09,8,16,1,1,50.0\
455,Jason Garrison\\garrija01,32,D,TBL,36,1,5,6,-5,8,1,0,0,0,5,0,0,43,2.3,661,18:21,55,40,0,0,\
456,Erik Gudbranson\\gudbrer01,25,D,VAN,30,1,5,6,-14,18,1,0,0,1,5,0,0,40,2.5,610,20:20,44,66,0,0,\
457,Riley Nash\\nashri02,27,C,BOS,40,1,5,6,-4,6,1,0,0,0,4,0,1,56,1.8,558,13:57,13,27,174,158,52.4\
458,Markus Nutivaara\\nutivma01,22,D,CBJ,35,1,5,6,8,4,1,0,0,0,5,0,0,33,3,454,12:58,23,22,0,0,\
459,Johnny Oduya\\oduyajo01,35,D,DAL,28,1,5,6,2,8,1,0,0,0,5,0,0,20,5,521,18:37,59,15,0,0,\
460,Ryan Sproul\\sproury01,24,D,DET,18,1,5,6,-5,4,0,1,0,0,3,2,0,35,2.9,287,15:57,8,8,0,0,\
461,Andrej Sustr\\sustran01,26,D,TBL,38,1,5,6,-8,29,1,0,0,1,5,0,0,53,1.9,682,17:57,48,22,0,0,\
462,Shea Theodore\\theodsh01,21,D,ANA,21,1,5,6,-10,16,0,1,0,0,4,0,1,35,2.9,364,17:20,17,7,0,0,\
463,Matthew Benning\\bennima01,22,D,EDM,26,0,6,6,4,6,0,0,0,0,4,2,0,34,0,438,16:51,30,54,0,0,\
464,Ben Chiarot\\chiarbe01,25,D,WPG,38,0,6,6,-4,12,0,0,0,0,6,0,0,26,0,551,14:30,59,49,0,0,\
465,Nate Schmidt\\schmina01,25,D,WSH,30,0,6,6,4,10,0,0,0,0,6,0,0,31,0,456,15:11,14,28,0,0,\
466,Riley Sheahan\\sheahri01,25,C,DET,36,0,6,6,-14,12,0,0,0,0,5,1,0,56,0,511,14:11,18,38,103,82,55.7\
467,Michael Stone\\stonemi01,26,D,ARI,25,0,6,6,-8,4,0,0,0,0,3,3,0,29,0,496,19:50,52,54,1,0,100.0\
468,Nikita Zadorov\\zadorni01,21,D,COL,36,0,6,6,-14,43,0,0,0,0,5,1,0,28,0,650,18:04,46,91,0,0,\
469,Brett Connolly\\connobr01,24,RW,WSH,22,4,1,5,1,16,3,1,0,0,1,0,0,32,12.5,236,10:44,3,40,3,4,42.9\
470,Shawn Matthias\\matthsh01,28,C,WPG,14,4,1,5,2,4,3,0,1,1,1,0,0,21,19,174,12:27,8,14,2,4,33.3\
471,Jamie Oleksiak\\oleksja01,24,D,DAL,17,4,1,5,2,18,4,0,0,1,0,0,1,17,23.5,269,15:50,22,25,0,0,\
472,Miles Wood\\woodmi01,21,LW,NJD,19,4,1,5,-4,20,4,0,0,0,1,0,0,29,13.8,229,12:04,5,25,1,0,100.0\
473,Darnell Nurse\\nurseda01,21,D,EDM,25,3,2,5,-3,17,3,0,0,0,2,0,0,43,7,442,17:40,25,60,0,0,\
474,Matt Beleskey\\belesma01,28,LW,BOS,24,2,3,5,-6,23,2,0,0,0,1,2,0,44,4.5,362,15:05,12,62,26,39,40.0\
475,Joel Eriksson Ek\\eriksjo02,20,LW,MIN,9,2,3,5,2,2,2,0,0,1,3,0,0,7,28.6,91,10:07,5,14,21,35,37.5\
476,Michal Kempny\\kempnmi01,26,D,CHI,26,2,3,5,-1,14,2,0,0,0,3,0,0,30,6.7,400,15:22,29,50,0,0,\
477,Tom Kuhnhackl\\kuhnhto01,25,RW,PIT,23,2,3,5,5,6,2,0,0,0,3,0,0,17,11.8,225,9:48,15,36,0,1,0.0\
478,Colin Miller\\milleco02,24,D,BOS,31,2,3,5,-3,23,1,1,0,0,3,0,0,52,3.8,510,16:28,19,31,0,0,\
479,Tyler Myers\\myersty01,26,D,WPG,11,2,3,5,5,13,2,0,0,0,2,0,1,16,12.5,244,22:12,21,12,0,0,\
480,Jordan Nolan\\nolanjo01,27,C,LAK,27,2,3,5,-2,40,2,0,0,0,3,0,0,21,9.5,284,10:30,2,37,2,2,50.0\
481,Brendan Smith\\smithbr05,27,D,DET,23,2,3,5,0,24,1,1,0,1,1,2,0,32,6.3,420,18:16,22,31,0,0,\
482,Ryan White\\whitery01,28,C,ARI,30,2,3,5,-7,60,2,0,0,1,3,0,0,22,9.1,317,10:34,18,98,35,46,43.2\
483,Braydon Coburn\\coburbr01,31,D,TBL,38,1,4,5,0,24,1,0,0,0,4,0,0,47,2.1,613,16:08,29,48,0,0,\
484,Alexander Edler\\edleral01,30,D,VAN,25,1,4,5,-7,6,0,1,0,0,3,1,0,50,2,587,23:30,59,47,2,1,66.7\
485,Tom Gilbert\\gilbeto01,34,D,LAK,17,1,4,5,-3,6,1,0,0,0,3,1,0,12,8.3,265,15:36,27,10,0,0,\
486,Jyrki Jokipakka\\jokipjy01,25,D,CGY,27,1,4,5,-3,8,1,0,0,0,4,0,0,16,6.3,400,14:48,23,16,0,0,\
487,Hampus Lindholm\\lindhha01,23,D,ANA,26,1,4,5,6,18,1,0,0,1,2,2,0,35,2.9,580,22:18,33,40,0,0,\
488,Martin Marincin\\marinma01,24,D,TOR,16,1,4,5,-1,4,1,0,0,0,4,0,0,14,7.1,289,18:03,17,17,0,0,\
489,Josh Morrissey\\morrijo04,21,D,WPG,39,1,4,5,1,20,1,0,0,1,4,0,0,35,2.9,728,18:39,52,65,0,0,\
490,Andrej Nestrasil\\nestran01,25,C,CAR,17,1,4,5,-3,2,1,0,0,0,4,0,0,25,4,189,11:07,6,10,3,3,50.0\
491,Xavier Ouellet\\ouellxa01,23,D,DET,22,1,4,5,4,32,1,0,0,0,4,0,0,28,3.6,394,17:54,30,23,0,1,0.0\
492,Greg Pateryn\\patergr01,26,D,MTL,19,1,4,5,1,2,1,0,0,0,4,0,0,19,5.3,266,13:59,37,30,0,0,\
493,Alex Petrovic\\petroal01,24,D,FLA,16,1,4,5,8,6,1,0,0,0,4,0,0,14,7.1,287,17:56,16,31,0,0,\
494,Seth Griffith\\griffse01,24,C,TOT,22,0,5,5,6,6,0,0,0,0,4,1,0,21,0,288,13:04,5,29,2,4,33.3\
495,John-Michael Liles\\lilesjo01,36,D,BOS,22,0,5,5,-2,4,0,0,0,0,2,3,0,19,0,358,16:15,28,14,1,0,100.0\
496,Alexey Marchenko\\marchal01,25,D,DET,22,0,5,5,-1,12,0,0,0,0,4,0,1,19,0,388,17:39,30,2,0,0,\
497,Kris Russell\\russekr01,29,D,EDM,31,0,5,5,2,10,0,0,0,0,5,0,0,36,0,666,21:29,89,35,0,0,\
498,Drew Miller\\milledr01,32,LW,DET,26,4,0,4,-8,14,4,0,0,1,0,0,0,19,21.1,259,9:57,19,40,1,0,100.0\
499,Joe Colborne\\colbojo01,27,C,COL,29,3,1,4,-13,14,1,2,0,0,1,0,0,27,11.1,340,11:44,7,39,36,56,39.1\
500,Jake Guentzel\\guentja01,22,C,PIT,5,3,1,4,1,2,3,0,0,0,1,0,0,8,37.5,68,13:37,2,12,2,2,50.0\
501,Roman Lyubimov\\lyubiro01,25,LW,PHI,28,3,1,4,-1,6,3,0,0,0,1,0,0,29,10.3,289,10:20,10,22,0,5,0.0\
502,Brendan Perlini\\perlibr01,20,LW,ARI,12,3,1,4,-2,4,3,0,0,0,1,0,0,18,16.7,164,13:39,2,12,1,0,100.0\
503,Yohann Auvitu\\auvityo01,27,D,NJD,24,2,2,4,1,2,2,0,0,0,1,1,0,54,3.7,389,16:14,9,20,0,0,\
504,Lance Bouma\\boumala01,26,C,CGY,21,2,2,4,-1,15,2,0,0,1,2,0,0,16,12.5,242,11:31,15,55,1,4,20.0\
505,J.T. Brown\\brownjt01,26,RW,TBL,32,2,2,4,-6,43,1,0,1,1,2,0,0,37,5.4,351,10:58,14,49,8,20,28.6\
506,Ryan Callahan\\callary01,31,RW,TBL,15,2,2,4,2,21,2,0,0,1,2,0,0,20,10,217,14:29,11,39,5,4,55.6\
507,Lawson Crouse\\crousla01,19,LW,ARI,33,2,2,4,-10,32,2,0,0,1,2,0,0,35,5.7,378,11:27,13,79,0,1,0.0\
508,Sergey Kalinin\\kalinse01,25,C,NJD,30,2,2,4,-8,13,2,0,0,0,2,0,0,32,6.3,387,12:55,14,42,35,54,39.3\
509,Matt Martin\\martima02,27,LW,TOR,36,2,2,4,1,70,2,0,0,0,2,0,0,29,6.9,319,8:51,11,140,0,6,0.0\
510,Jay McClement\\mccleja01,33,C,CAR,36,2,2,4,-8,10,2,0,0,1,2,0,0,23,8.7,416,11:33,27,31,155,160,49.2\
511,Steve Ott\\ottst01,34,C,DET,33,2,2,4,-4,54,2,0,0,0,2,0,0,27,7.4,340,10:18,12,71,84,58,59.2\
512,Roman Polak\\polakro01,30,D,TOR,31,2,2,4,-1,28,2,0,0,0,2,0,0,24,8.3,536,17:18,46,101,0,1,0.0\
513,Marco Scandella\\scandma01,26,D,MIN,25,2,2,4,-2,12,2,0,0,0,2,0,0,37,5.4,423,16:55,32,19,0,0,\
514,Jordan Schroeder\\schrojo01,26,C,MIN,7,2,2,4,1,0,2,0,0,0,2,0,0,12,16.7,62,8:55,4,7,0,0,\
515,Anton Slepyshev\\slepyan01,22,LW,EDM,15,2,2,4,4,2,2,0,0,0,2,0,0,22,9.1,168,11:12,3,21,0,0,\
516,Brandon Tanev\\tanevbr01,25,LW,WPG,35,2,2,4,-5,24,2,0,0,1,2,0,0,43,4.7,420,11:59,27,89,1,0,100.0\
517,Chris Terry\\terrych01,27,LW,MTL,12,2,2,4,2,4,2,0,0,0,2,0,0,14,14.3,119,9:54,1,9,1,1,50.0\
518,Frank Vatrano\\vatrafr01,22,C,BOS,6,2,2,4,2,2,2,0,0,0,1,1,0,13,15.4,86,14:24,2,7,0,0,\
519,Dale Weise\\weiseda01,28,RW,PHI,34,2,2,4,-1,15,1,1,0,1,2,0,0,40,5,427,12:33,7,65,1,0,100.0\
520,Tom Wilson\\wilsoto01,22,RW,WSH,36,2,2,4,6,34,2,0,0,0,2,0,0,34,5.9,457,12:42,15,85,0,4,0.0\
521,Joel Armia\\armiajo01,23,RW,WPG,14,1,3,4,-1,4,1,0,0,0,3,0,0,25,4,201,14:23,5,12,2,3,40.0\
522,Pierre-Edouard Bellemare\\bellepi01,31,LW,PHI,39,1,3,4,0,2,1,0,0,0,2,0,1,58,1.7,566,14:30,36,42,253,250,50.3\
523,Connor Carrick\\carrico01,22,D,TOR,32,1,3,4,4,30,1,0,0,0,3,0,0,47,2.1,544,16:00,45,34,0,0,\
524,Kyle Connor\\connoky01,20,LW,WPG,19,1,3,4,-8,4,1,0,0,1,1,2,0,21,4.8,234,12:19,8,1,1,1,50.0\
525,Derek Dorsett\\dorsede01,30,RW,VAN,14,1,3,4,-6,33,1,0,0,0,3,0,0,24,4.2,139,9:56,6,35,1,0,100.0\
526,Alexei Emelin\\emelial01,30,D,MTL,35,1,3,4,5,39,1,0,0,0,3,0,0,39,2.6,758,21:39,64,125,0,0,\
527,Gustav Forsling\\forslgu02,20,D,CHI,31,1,3,4,3,2,1,0,0,0,2,1,0,38,2.6,464,14:59,15,14,0,0,\
528,Marian Gaborik\\gaborma01,34,RW,LAK,15,1,3,4,0,2,0,1,0,0,2,1,0,32,3.1,221,14:43,2,10,0,1,0.0\
529,Garnet Hathaway\\hathaga01,25,RW,CGY,19,1,3,4,1,37,1,0,0,0,3,0,0,15,6.7,174,9:09,13,40,10,8,55.6\
530,Brad Hunt\\huntbr01,28,D,STL,6,1,3,4,0,0,0,1,0,0,2,1,0,7,14.3,86,14:22,1,0,0,0,\
531,Ben Lovejoy\\lovejbe01,32,D,NJD,38,1,3,4,-9,14,1,0,0,1,3,0,0,42,2.4,765,20:08,69,45,0,0,\
532,Nick Schmaltz\\schmani01,20,LW,CHI,26,1,3,4,-3,2,1,0,0,0,2,1,0,16,6.3,306,11:47,10,12,47,99,32.2\
533,Nikita Soshnikov\\soshnni01,23,RW,TOR,27,1,3,4,0,6,1,0,0,0,2,1,0,37,2.7,287,10:38,16,52,2,11,15.4\
534,Nikita Tryamkin\\tryamni01,22,D,VAN,29,1,3,4,3,25,1,0,0,0,3,0,0,27,3.7,476,16:26,33,73,0,0,\
535,Trevor van Riemsdyk\\vanritr01,25,D,CHI,16,1,3,4,7,6,1,0,0,0,3,0,0,18,5.6,291,18:10,18,6,0,0,\
536,Yannick Weber\\weberya01,28,D,NSH,35,1,3,4,7,19,1,0,0,1,3,0,0,33,3,392,11:12,23,41,0,0,\
537,Taylor Fedun\\fedunta01,28,D,BUF,8,0,4,4,1,2,0,0,0,0,1,3,0,9,0,121,15:07,5,1,0,0,\
538,Brendan Gaunce\\gauncbr01,22,LW,VAN,34,0,4,4,0,27,0,0,0,0,4,0,0,25,0,288,8:29,6,48,66,68,49.3\
539,Peter Holland\\hollape01,26,C,TOT,17,0,4,4,-5,8,0,0,0,0,4,0,0,28,0,219,12:52,2,14,63,91,40.9\
540,Korbinian Holzer\\holzeko01,28,D,ANA,14,0,4,4,-4,6,0,0,0,0,4,0,0,9,0,195,13:56,14,32,0,0,\
541,Slater Koekkoek\\koekksl01,22,D,TBL,26,0,4,4,-2,8,0,0,0,0,4,0,0,26,0,335,12:53,24,23,0,0,\
542,Philip Larsen\\larseph01,27,D,VAN,17,0,4,4,-9,4,0,0,0,0,2,2,0,25,0,291,17:07,15,5,0,0,\
543,Oscar Lindberg\\lindbos02,25,C,NYR,24,0,4,4,-2,16,0,0,0,0,3,1,0,35,0,281,11:41,15,35,110,105,51.2\
544,Marc Methot\\methoma01,31,D,OTT,33,0,4,4,12,10,0,0,0,0,4,0,0,45,0,677,20:31,41,70,0,0,\
545,Ryan Murray\\murrary01,23,D,CBJ,30,0,4,4,7,20,0,0,0,0,3,0,1,23,0,547,18:13,42,8,0,0,\
546,Zach Redmond\\redmoza01,28,D,MTL,8,0,4,4,5,2,0,0,0,0,4,0,0,4,0,100,12:27,9,18,0,0,\
547,Tyler Graovac\\graovty01,23,C,MIN,28,3,0,3,1,4,3,0,0,1,0,0,0,24,12.5,279,9:58,6,30,103,105,49.5\
548,Jayson Megna\\megnaja01,26,C,VAN,22,3,0,3,-1,4,3,0,0,0,0,0,0,22,13.6,235,10:42,8,25,0,1,0.0\
549,Chris Thorburn\\thorbch01,33,RW,WPG,29,3,0,3,-5,65,2,0,1,0,0,0,0,19,15.8,231,7:59,18,46,9,12,42.9\
550,Kevin Bieksa\\biekske01,35,D,ANA,39,2,1,3,-7,37,1,1,0,0,0,1,0,50,4,739,18:57,43,91,0,0,\
551,Laurent Dauphin\\dauphla01,21,C,ARI,20,2,1,3,-1,8,1,0,1,1,1,0,0,25,8,220,10:00,8,28,26,28,48.1\
552,Ryan Garbutt\\garbury01,31,LW,ANA,27,2,1,3,-3,20,2,0,0,1,0,0,1,26,7.7,247,9:10,12,53,7,4,63.6\
553,Shane Harper\\harpesh01,27,RW,FLA,14,2,1,3,-1,18,2,0,0,0,1,0,0,13,15.4,144,10:18,0,19,0,0,\
554,Jimmy Hayes\\hayesji01,27,RW,BOS,33,2,1,3,-4,22,2,0,0,1,1,0,0,54,3.7,327,9:55,6,46,4,10,28.6\
555,Kyle Rau\\rauky01,24,C,FLA,24,2,1,3,-3,4,2,0,0,0,1,0,0,21,9.5,230,9:36,3,24,2,1,66.7\
556,Colton Sissons\\sissoco01,23,C,NSH,26,2,1,3,-2,2,1,0,1,0,1,0,0,9,22.2,265,10:12,10,51,84,83,50.3\
557,Ben Smith\\smithbe01,28,RW,TOT,28,2,1,3,-2,4,2,0,0,0,1,0,0,25,8,327,11:41,28,21,169,149,53.1\
558,Gemel Smith\\smithge02,22,C,DAL,12,2,1,3,1,21,1,0,1,0,1,0,0,14,14.3,157,13:05,4,3,21,30,41.2\
559,Reid Boucher\\bouchre01,23,C,TOT,12,1,2,3,1,2,1,0,0,0,2,0,0,15,6.7,136,11:22,7,11,0,0,\
560,Cody Ceci\\cecico01,23,D,OTT,37,1,2,3,-11,10,1,0,0,0,1,0,1,66,1.5,864,23:21,87,68,1,0,100.0\
561,Klas Dahlbeck\\dahlbkl01,25,D,CAR,10,1,2,3,0,12,1,0,0,0,2,0,0,7,14.3,125,12:28,6,14,0,0,\
562,Zac Dalpe\\dalpeza01,27,C,MIN,9,1,2,3,0,9,1,0,0,0,2,0,0,8,12.5,77,8:33,5,5,27,32,45.8\
563,Vernon Fiddler\\fiddlve01,36,LW,NJD,35,1,2,3,-6,25,0,0,1,0,2,0,0,33,3,433,12:22,18,41,236,191,55.3\
564,Matt Hendricks\\hendrma01,35,LW,EDM,14,1,2,3,-6,15,1,0,0,1,2,0,0,14,7.1,168,12:01,20,24,48,41,53.9\
565,Josh Jooris\\joorijo01,26,RW,TOT,18,1,2,3,3,6,1,0,0,0,2,0,0,14,7.1,175,9:42,10,23,49,49,50.0\
566,Anton Lander\\landean01,25,C,EDM,16,1,2,3,4,6,1,0,0,0,2,0,0,7,14.3,164,10:15,7,19,72,54,57.1\
567,Andreas Martinsen\\martian01,26,LW,COL,35,1,2,3,-5,24,1,0,0,0,1,0,1,36,2.8,347,9:54,17,100,2,0,100.0\
568,Scott Mayfield\\mayfisc01,24,D,NYI,3,1,2,3,4,17,1,0,0,0,2,0,0,2,50,35,11:35,4,0,0,0,\
569,Jared McCann\\mccanja01,20,C,FLA,17,1,2,3,0,2,1,0,0,0,2,0,0,21,4.8,172,10:07,4,14,19,25,43.2\
570,Brock McGinn\\mcginbr01,22,LW,CAR,20,1,2,3,-2,2,1,0,0,0,1,0,1,23,4.3,233,11:40,12,29,1,3,25.0\
571,Adam Pelech\\pelecad01,22,D,NYI,9,1,2,3,-4,0,1,0,0,0,2,0,0,10,10,139,15:26,9,12,0,0,\
572,Clayton Stoner\\stonecl01,31,D,ANA,14,1,2,3,0,28,1,0,0,0,2,0,0,16,6.3,246,17:33,17,35,0,0,\
573,Jakub Vrana\\vranaja01,20,LW,WSH,12,1,2,3,2,2,0,1,0,1,1,1,0,21,4.8,141,11:45,6,3,0,2,0.0\
574,Michael Chaput\\chapumi01,24,C,VAN,27,0,3,3,-4,13,0,0,0,0,3,0,0,15,0,275,10:12,8,30,106,101,51.2\
575,Adam Clendening\\clendad01,24,D,NYR,9,0,3,3,4,4,0,0,0,0,2,1,0,6,0,145,16:05,7,5,0,0,\
576,Brenden Dillon\\dillobr01,26,D,SJS,36,0,3,3,-4,31,0,0,0,0,3,0,0,31,0,574,15:57,33,86,0,0,\
577,Christian Folin\\folinch01,25,D,MIN,26,0,3,3,11,20,0,0,0,0,3,0,0,20,0,414,15:56,33,40,0,0,\
578,Derek Grant\\grantde01,26,C,BUF,32,0,3,3,-3,19,0,0,0,0,3,0,0,30,0,333,10:25,19,21,149,130,53.4\
579,Micheal Haley\\haleymi01,30,C,SJS,24,0,3,3,0,47,0,0,0,0,3,0,0,14,0,193,8:02,9,61,8,14,36.4\
580,Julius Honka\\honkaju01,21,D,DAL,8,0,3,3,-7,2,0,0,0,0,2,1,0,21,0,137,17:05,4,2,0,0,\
581,Niklas Kronwall\\kronwni01,36,D,DET,24,0,3,3,2,10,0,0,0,0,2,1,0,24,0,459,19:08,40,35,0,0,\
582,Brett Kulak\\kulakbr01,23,D,CGY,15,0,3,3,1,10,0,0,0,0,3,0,0,16,0,221,14:43,9,8,0,0,\
583,Olli Maatta\\maattol01,22,D,PIT,36,0,3,3,11,6,0,0,0,0,3,0,0,44,0,661,18:22,67,49,0,0,\
584,Michael McCarron\\mccarmi01,21,RW,MTL,8,0,3,3,3,7,0,0,0,0,3,0,0,12,0,80,9:57,2,22,21,22,48.8\
585,Nick Schultz\\schulni01,34,D,PHI,11,0,3,3,1,6,0,0,0,0,3,0,0,10,0,181,16:29,24,19,0,0,\
586,Chris Tanev\\tanevch01,27,D,VAN,16,0,3,3,2,6,0,0,0,0,3,0,0,8,0,329,20:33,29,4,0,0,\
587,Nicholas Baptiste\\baptini01,21,RW,BUF,12,2,0,2,1,6,2,0,0,0,0,0,0,12,16.7,104,8:42,1,10,1,2,33.3\
588,Brayden McNabb\\mcnabbr01,26,D,LAK,10,2,0,2,2,11,2,0,0,0,0,0,0,8,25,191,19:05,9,17,0,0,\
589,Chris Wagner\\wagnech01,25,C,ANA,21,2,0,2,-4,6,2,0,0,0,0,0,0,20,10,205,9:47,9,46,33,54,37.9\
590,Pontus Aberg\\abergpo01,23,LW,NSH,9,1,1,2,1,2,1,0,0,0,1,0,0,7,14.3,105,11:43,1,4,1,0,100.0\
591,Nick Bjugstad\\bjugsni01,24,C,FLA,19,1,1,2,-9,10,1,0,0,0,0,1,0,30,3.3,265,13:57,3,29,56,68,45.2\
592,Anton Blidh\\blidhan01,21,LW,BOS,13,1,1,2,0,0,1,0,0,0,1,0,0,23,4.3,124,9:31,2,30,0,0,\
593,Mark Borowiecki\\borowma01,27,D,OTT,35,1,1,2,0,65,1,0,0,0,1,0,0,17,5.9,471,13:28,47,159,0,0,\
594,Robert Bortuzzo\\borturo01,27,D,STL,11,1,1,2,6,2,1,0,0,0,1,0,0,15,6.7,152,13:48,19,26,0,0,\
595,William Carrier\\carriwi01,22,LW,BUF,24,1,1,2,0,15,1,0,0,0,1,0,0,29,3.4,214,8:55,5,72,1,1,50.0\
596,Taylor Chorney\\chornta01,29,D,WSH,7,1,1,2,3,4,1,0,0,1,1,0,0,9,11.1,94,13:27,8,12,0,0,\
597,Cory Conacher\\conacco01,27,LW,TBL,7,1,1,2,-2,4,0,1,0,0,1,0,0,10,10,86,12:14,0,0,1,1,50.0\
598,Dylan DeMelo\\demeldy01,23,D,SJS,10,1,1,2,-2,2,1,0,0,0,1,0,0,17,5.9,155,15:31,12,16,0,0,\
599,Phillip Di Giuseppe\\digiuph01,23,LW,CAR,18,1,1,2,-9,13,1,0,0,1,1,0,0,28,3.6,216,11:00,8,28,0,2,0.0\
600,Tyler Ennis\\ennisty01,27,LW,BUF,12,1,1,2,-6,0,1,0,0,0,1,0,0,29,3.4,165,13:44,3,5,0,3,0.0\
601,Frederik Gauthier\\gauthfr01,21,C,TOR,6,1,1,2,2,4,1,0,0,0,1,0,0,4,25,59,9:48,8,7,38,40,48.7\
602,Matt Greene\\greenma01,33,D,LAK,23,1,1,2,3,19,1,0,0,0,1,0,0,14,7.1,310,13:29,24,68,0,0,\
603,Eric Gryba\\grybaer01,28,D,EDM,19,1,1,2,1,34,1,0,0,1,1,0,0,20,5,326,17:08,15,73,0,0,\
604,Taylor Leier\\leierta01,22,LW,PHI,10,1,1,2,-1,4,1,0,0,0,1,0,0,7,14.3,91,9:04,0,7,0,1,0.0\
605,Milan Michalek\\michami01,32,LW,TOR,5,1,1,2,-2,2,1,0,0,0,1,0,0,6,16.7,71,14:16,9,7,0,1,0.0\
606,Chris Neil\\neilch01,37,RW,OTT,36,1,1,2,-8,49,1,0,0,0,1,0,0,37,2.7,285,7:55,12,79,0,0,\
607,Chad Ruhwedel\\ruhwech01,26,D,PIT,5,1,1,2,3,0,1,0,0,0,1,0,0,8,12.5,86,17:16,2,4,0,0,\
608,Patrick Sharp\\sharppa01,35,LW,DAL,12,1,1,2,-7,12,0,0,1,0,1,0,0,28,3.6,198,16:28,7,12,8,8,50.0\
609,Noel Acciari\\acciano01,25,C,BOS,19,0,2,2,0,4,0,0,0,0,2,0,0,15,0,186,9:46,3,44,9,12,42.9\
610,Sven Andrighetto\\andrisv01,23,RW,MTL,8,0,2,2,2,0,0,0,0,0,2,0,0,8,0,74,9:13,5,9,0,0,\
611,Mark Barberio\\barbema01,26,D,MTL,13,0,2,2,2,6,0,0,0,0,2,0,0,19,0,190,14:36,9,4,0,0,\
612,Alex Biega\\biegaal01,28,D,VAN,10,0,2,2,1,8,0,0,0,0,2,0,0,9,0,157,15:44,10,24,0,0,\
613,Zach Bogosian\\bogosza01,26,D,BUF,16,0,2,2,-8,13,0,0,0,0,2,0,0,15,0,320,20:00,30,25,0,1,0.0\
614,Alexander Burmistrov\\burmial01,25,C,WPG,23,0,2,2,-6,6,0,0,0,0,1,0,1,13,0,254,11:02,4,28,53,94,36.1\
615,Justin Dowling\\dowliju01,26,C,DAL,5,0,2,2,0,2,0,0,0,0,1,1,0,9,0,56,11:11,0,1,20,21,48.8\
616,Mark Fayne\\faynema01,29,D,EDM,4,0,2,2,1,0,0,0,0,0,2,0,0,4,0,32,7:55,2,1,0,0,\
617,Cody Goloubef\\golouco01,27,D,COL,8,0,2,2,-7,13,0,0,0,0,2,0,0,3,0,129,16:08,13,7,0,0,\
618,Kevin Gravel\\graveke01,24,D,LAK,24,0,2,2,5,4,0,0,0,0,1,1,0,21,0,333,13:51,33,32,0,0,\
619,Carl Gunnarsson\\gunnaca01,30,D,STL,29,0,2,2,-5,4,0,0,0,0,2,0,0,15,0,392,13:32,35,21,0,0,\
620,Marek Hrivik\\hrivima01,25,LW,NYR,13,0,2,2,-1,0,0,0,0,0,1,1,0,12,0,139,10:41,4,17,19,35,35.2\
621,Jiri Hudler\\hudleji01,33,RW,DAL,13,0,2,2,-2,4,0,0,0,0,2,0,0,7,0,168,12:54,2,6,1,2,33.3\
622,Charles Hudon\\hudonch01,22,LW,MTL,3,0,2,2,1,2,0,0,0,0,2,0,0,3,0,36,11:56,0,11,0,0,\
623,Nick Jensen\\jenseni02,26,D,DET,5,0,2,2,0,2,0,0,0,0,2,0,0,6,0,74,14:50,2,5,0,0,\
624,Jacob Josefson\\josefja01,25,C,NJD,16,0,2,2,-2,6,0,0,0,0,1,1,0,16,0,189,11:50,6,13,51,41,55.4\
625,Jakub Kindl\\kindlja01,29,D,FLA,18,0,2,2,-7,12,0,0,0,0,2,0,0,16,0,263,14:36,20,30,0,0,\
626,Greg McKegg\\mckeggr01,24,C,FLA,20,0,2,2,-2,6,0,0,0,0,2,0,0,15,0,211,10:33,8,23,17,19,47.2\
627,Jonathon Merrill\\merrijo01,24,D,NJD,15,0,2,2,-2,8,0,0,0,0,2,0,0,10,0,239,15:55,16,13,0,0,\
628,Ryan Murphy\\murphry01,23,D,CAR,7,0,2,2,-5,0,0,0,0,0,2,0,0,1,0,108,15:23,8,2,0,0,\
629,Matthew Nieto\\nietoma01,24,LW,SJS,16,0,2,2,-3,4,0,0,0,0,2,0,0,24,0,195,12:13,8,22,0,2,0.0\
630,Nate Prosser\\prossna01,30,D,MIN,16,0,2,2,-2,4,0,0,0,0,2,0,0,10,0,213,13:18,24,16,0,0,\
631,Teddy Purcell\\purcete01,31,LW,LAK,12,0,2,2,0,0,0,0,0,0,2,0,0,10,0,155,12:54,2,7,3,0,100.0\
632,Luke Schenn\\schenlu01,27,D,ARI,33,0,2,2,1,39,0,0,0,0,2,0,0,40,0,524,15:53,49,114,0,0,\
633,Michael Sgarbossa\\sgarbmi01,24,C,TOT,11,0,2,2,-2,0,0,0,0,0,1,1,0,9,0,108,9:51,4,9,41,57,41.8\
634,Matt Tennyson\\tennyma01,26,D,CAR,22,0,2,2,-2,0,0,0,0,0,2,0,0,18,0,320,14:33,25,24,0,0,\
635,Paul Thompson\\thomppa02,28,RW,FLA,11,0,2,2,-3,15,0,0,0,0,2,0,0,7,0,83,7:33,8,26,0,1,0.0\
636,Joel Vermin\\vermijo01,24,RW,TBL,8,0,2,2,3,2,0,0,0,0,2,0,0,7,0,102,12:46,6,11,2,0,100.0\
637,Bryan Bickell\\bickebr01,30,LW,CAR,7,1,0,1,-1,4,0,1,0,1,0,0,0,6,16.7,68,9:42,1,10,0,2,0.0\
638,Michael Bournival\\bournmi01,24,LW,TBL,8,1,0,1,-1,0,1,0,0,0,0,0,0,11,9.1,79,9:51,4,9,1,2,33.3\
639,Ryan Carpenter\\carpery01,26,C,SJS,3,1,0,1,1,0,1,0,0,0,0,0,0,4,25,27,8:52,0,8,10,9,52.6\
640,Boyd Gordon\\gordobo01,33,C,PHI,11,1,0,1,-3,2,1,0,0,0,0,0,0,6,16.7,91,8:14,7,3,41,37,52.6\
641,Freddie Hamilton\\hamilfr01,25,C,CGY,16,1,0,1,-1,6,1,0,0,1,0,0,0,16,6.3,155,9:41,1,25,50,38,56.8\
642,Samuel Henley\\henlesa01,23,C,COL,1,1,0,1,1,2,1,0,0,0,0,0,0,1,100,5,5:18,0,2,0,1,0.0\
643,Dylan McIlrath\\mcilrdy01,24,D,TOT,5,1,0,1,-2,14,1,0,0,0,0,0,0,2,50,48,9:39,4,13,0,0,\
644,Cody McLeod\\mcleoco01,32,LW,COL,25,1,0,1,-2,45,1,0,0,0,0,0,0,12,8.3,149,5:57,1,46,0,0,\
645,Wade Megan\\meganwa01,26,C,STL,1,1,0,1,2,0,1,0,0,0,0,0,0,1,100,10,9:40,0,1,5,4,55.6\
646,Timo Meier\\meierti01,20,RW,SJS,7,1,0,1,-2,4,1,0,0,1,0,0,0,22,4.5,86,12:15,1,18,0,0,\
647,John Mitchell\\mitchjo01,32,C,COL,32,1,0,1,-6,20,1,0,0,1,0,0,0,32,3.1,409,12:47,25,39,160,130,55.2\
648,Stefan Noesen\\noesest01,23,RW,ANA,7,1,0,1,1,2,1,0,0,0,0,0,0,7,14.3,49,6:56,1,8,16,28,36.4\
649,Magnus Paajarvi\\paajama01,25,LW,STL,3,1,0,1,0,0,1,0,0,1,0,0,0,2,50,28,9:16,2,1,1,1,50.0\
650,Teemu Pulkkinen\\pulkkte01,25,LW,MIN,9,1,0,1,-1,2,1,0,0,0,0,0,0,4,25,84,9:23,3,2,0,0,\
651,Logan Shaw\\shawlo01,25,RW,ANA,19,1,0,1,-4,4,1,0,0,0,0,0,0,26,3.8,162,8:32,9,16,16,45,26.2\
652,Christoph Bertschy\\bertsch02,22,C,MIN,5,0,1,1,0,4,0,0,0,0,1,0,0,5,0,41,8:08,3,7,0,0,\
653,Anthony Bitetto\\bitetan01,26,D,NSH,4,0,1,1,-1,5,0,0,0,0,1,0,0,1,0,35,8:39,3,7,0,0,\
654,Oliver Bjorkstrand\\bjorkol01,21,RW,CBJ,5,0,1,1,-1,6,0,0,0,0,1,0,0,5,0,61,12:17,2,3,1,0,100.0\
655,Jared Boll\\bollja01,30,RW,ANA,26,0,1,1,-5,53,0,0,0,0,1,0,0,7,0,153,5:54,7,23,0,1,0.0\
656,Matt Carle\\carlema01,32,D,NSH,6,0,1,1,-1,0,0,0,0,0,1,0,0,2,0,79,13:09,5,3,0,0,\
657,Kevin Connauton\\connake01,26,D,ARI,9,0,1,1,-1,6,0,0,0,0,1,0,0,10,0,117,13:03,6,18,0,0,\
658,Brandon Davidson\\davidbr01,25,D,EDM,8,0,1,1,1,4,0,0,0,0,1,0,0,11,0,121,15:09,14,12,0,0,\
659,Cody Eakin\\eakinco01,25,C,DAL,16,0,1,1,-7,17,0,0,0,0,1,0,0,14,0,225,14:03,7,18,96,103,48.2\
660,Justin Falk\\falkju01,28,D,BUF,21,0,1,1,-1,7,0,0,0,0,1,0,0,15,0,271,12:54,8,38,0,0,\
661,Kurtis Gabriel\\gabriku01,23,RW,MIN,10,0,1,1,0,24,0,0,0,0,1,0,0,3,0,59,5:54,1,21,0,0,\
662,Tyler Gaudet\\gaudety01,23,C,ARI,4,0,1,1,0,0,0,0,0,0,1,0,0,3,0,52,12:59,1,3,14,21,40.0\
663,Frederick Gaudreau\\gaudrfr01,23,C,NSH,8,0,1,1,0,0,0,0,0,0,1,0,0,8,0,70,8:43,4,0,4,8,33.3\
664,Eric Gelinas\\geliner01,25,D,COL,17,0,1,1,-2,10,0,0,0,0,1,0,0,22,0,209,12:17,11,16,0,1,0.0\
665,Josh Gorges\\gorgejo01,32,D,BUF,33,0,1,1,-3,25,0,0,0,0,1,0,0,13,0,610,18:28,59,71,0,1,0.0\
666,A.J. Greer\\greeraj01,20,LW,COL,5,0,1,1,-2,4,0,0,0,0,1,0,0,8,0,68,13:39,3,4,0,0,\
667,Dmitry Kulikov\\kulikdm01,26,D,BUF,20,0,1,1,-10,14,0,0,0,0,1,0,0,20,0,446,22:19,24,22,0,0,\
668,Adam McQuaid\\mcquaad01,30,D,BOS,35,0,1,1,5,42,0,0,0,0,1,0,0,37,0,613,17:31,58,80,0,0,\
669,Joseph Morrow\\morrojo02,24,D,BOS,13,0,1,1,-3,6,0,0,0,0,1,0,0,16,0,207,15:55,15,21,0,0,\
670,Steven Oleksy\\oleksst01,30,D,PIT,6,0,1,1,1,16,0,0,0,0,1,0,0,8,0,87,14:31,9,13,0,0,\
671,Matthew Peca\\pecama01,23,C,TBL,3,0,1,1,1,0,0,0,0,0,1,0,0,3,0,39,13:00,0,5,15,16,48.4\
672,Anton Rodin\\rodinan01,26,RW,VAN,2,0,1,1,1,0,0,0,0,0,1,0,0,1,0,18,8:45,1,0,0,0,\
673,Michal Rozsival\\rozsimi01,38,D,CHI,12,0,1,1,1,6,0,0,0,0,1,0,0,6,0,186,15:29,19,29,0,0,\
674,Zachary Sanford\\sanfoza01,22,C,WSH,20,0,1,1,-1,4,0,0,0,0,1,0,0,17,0,202,10:05,6,11,10,8,55.6\
675,Steven Santini\\santist01,21,D,NJD,1,0,1,1,2,0,0,0,0,0,1,0,0,2,0,12,11:53,0,2,0,0,\
676,Cole Schneider\\schneco02,26,LW,BUF,4,0,1,1,2,0,0,0,0,0,1,0,0,6,0,29,7:09,2,3,0,0,\
677,Tom Sestito\\sestito01,29,LW,PIT,8,0,1,1,0,24,0,0,0,0,1,0,0,2,0,44,5:28,1,15,0,0,\
678,Hunter Shinkaruk\\shinkhu01,22,LW,CGY,7,0,1,1,-3,2,0,0,0,0,1,0,0,5,0,74,10:35,3,3,0,0,\
679,Nick Sorensen\\sorenni01,22,RW,ANA,5,0,1,1,-1,2,0,0,0,0,1,0,0,7,0,54,10:53,3,2,1,0,100.0\
680,Dylan Strome\\stromdy01,19,C,ARI,7,0,1,1,-5,0,0,0,0,0,1,0,0,6,0,96,13:41,2,3,31,46,40.3\
681,Shawn Thornton\\thornsh01,39,LW,FLA,14,0,1,1,-3,7,0,0,0,0,1,0,0,6,0,86,6:09,2,13,0,2,0.0\
682,Jake Virtanen\\virtaja01,20,RW,VAN,10,0,1,1,1,2,0,0,0,0,1,0,0,13,0,101,10:09,4,17,3,0,100.0\
683,Luke Witkowski\\witkolu01,26,D,TBL,8,0,1,1,-1,2,0,0,0,0,1,0,0,6,0,78,9:44,6,13,0,0,\
684,Jorge Alves\\alvesjo01,,G,CAR,1,0,0,0,0,0,0,0,0,0,0,0,0,0,,0,0:08,0,0,0,,\
685,Andy Andreoff\\andrean01,25,LW,LAK,15,0,0,0,-2,22,0,0,0,0,0,0,0,9,0,155,10:20,4,29,18,13,58.1\
686,Casey Bailey\\baileca01,25,RW,OTT,4,0,0,0,-1,0,0,0,0,0,0,0,0,2,0,31,7:43,0,3,0,0,\
687,Justin Bailey\\baileju01,21,RW,BUF,3,0,0,0,0,0,0,0,0,0,0,0,0,0,,28,9:28,1,4,0,0,\
688,Mathew Barzal\\barzama01,19,C,NYI,2,0,0,0,-2,6,0,0,0,0,0,0,0,0,,20,9:45,0,1,6,7,46.2\
689,Cody Bass\\bassco01,30,C,NSH,9,0,0,0,-1,19,0,0,0,0,0,0,0,1,0,61,6:46,4,14,0,2,0.0\
690,Taylor Beck\\beckta01,25,LW,EDM,3,0,0,0,-1,4,0,0,0,0,0,0,0,0,,18,5:53,0,3,0,0,\
691,Tyler Bertuzzi\\bertuty01,21,LW,DET,7,0,0,0,-1,0,0,0,0,0,0,0,0,3,0,64,9:06,0,12,1,1,50.0\
692,Mike Blunden\\blundmi01,30,RW,OTT,1,0,0,0,0,0,0,0,0,0,0,0,0,0,,10,9:37,0,5,0,0,\
693,Gabriel Bourque\\bourqga01,26,LW,COL,6,0,0,0,0,0,0,0,0,0,0,0,0,4,0,67,11:12,6,17,0,1,0.0\
694,Erik Burgdoerfer\\burgder01,28,D,BUF,2,0,0,0,-1,0,0,0,0,0,0,0,0,2,0,22,11:10,0,5,0,0,\
695,Patrick Cannone\\cannopa01,30,C,MIN,3,0,0,0,0,0,0,0,0,0,0,0,0,2,0,24,7:53,1,2,11,10,52.4\
696,Paul Carey\\careypa01,28,C,WSH,3,0,0,0,-2,0,0,0,0,0,0,0,0,3,0,31,10:23,1,3,0,0,\
697,Thomas Chabot\\chaboth01,20,D,OTT,1,0,0,0,-2,0,0,0,0,0,0,0,0,1,0,7,7:09,0,1,0,0,\
698,Fredrik Claesson\\claesfr01,24,D,OTT,7,0,0,0,-1,0,0,0,0,0,0,0,0,2,0,78,11:08,3,10,0,0,\
699,Erik Condra\\condrer01,30,RW,TBL,7,0,0,0,-3,2,0,0,0,0,0,0,0,5,0,70,10:04,5,3,1,0,100.0\
700,Frank Corrado\\corrafr01,23,D,TOR,1,0,0,0,0,2,0,0,0,0,0,0,0,0,,16,16:24,1,2,0,0,\
701,Andrew Desjardins\\desjaan01,30,LW,CHI,22,0,0,0,-5,6,0,0,0,0,0,0,0,27,0,218,9:55,7,33,23,22,51.1\
702,Nicolas Deslauriers\\deslani01,25,LW,BUF,15,0,0,0,-4,4,0,0,0,0,0,0,0,9,0,125,8:22,2,39,0,0,\
703,Simon Despres\\desprsi01,25,D,ANA,1,0,0,0,0,0,0,0,0,0,0,0,0,1,0,16,16:08,1,1,0,0,\
704,Jason Dickinson\\dickija01,21,C,DAL,2,0,0,0,-1,0,0,0,0,0,0,0,0,0,,18,9:02,1,1,4,9,30.8\
705,Andreas Englund\\engluan01,21,D,OTT,4,0,0,0,0,2,0,0,0,0,0,0,0,1,0,40,9:57,0,16,0,0,\
706,Emerson Etem\\etemem01,24,RW,ANA,3,0,0,0,1,2,0,0,0,0,0,0,0,0,,26,8:48,0,4,0,1,0.0\
707,Hudson Fasching\\faschhu01,21,RW,BUF,6,0,0,0,-2,2,0,0,0,0,0,0,0,3,0,52,8:45,1,10,0,0,\
708,Martin Frk\\frkma01,23,RW,CAR,2,0,0,0,-3,0,0,0,0,0,0,0,0,1,0,17,8:20,1,3,0,0,\
709,Byron Froese\\froesby01,25,C,TOR,2,0,0,0,0,5,0,0,0,0,0,0,0,2,0,16,8:01,1,0,7,13,35.0\
710,Luke Gazdic\\gazdilu01,27,LW,NJD,7,0,0,0,-1,12,0,0,0,0,0,0,0,3,0,51,7:14,4,10,0,0,\
711,Yanni Gourde\\gourdya01,25,C,TBL,2,0,0,0,0,0,0,0,0,0,0,0,0,1,0,18,9:01,0,0,3,0,100.0\
712,Petter Granberg\\granbpe01,24,D,NSH,8,0,0,0,-1,8,0,0,0,0,0,0,0,0,,71,8:52,7,13,0,0,\
713,Rocco Grimaldi\\grimaro01,23,C,COL,1,0,0,0,0,0,0,0,0,0,0,0,0,3,0,8,8:09,2,1,0,0,\
714,Nicklas Grossmann\\grossni01,32,D,CGY,3,0,0,0,-4,2,0,0,0,0,0,0,0,3,0,39,13:01,1,7,0,0,\
715,Matthew Grzelcyk\\grzelma01,23,D,BOS,2,0,0,0,0,2,0,0,0,0,0,0,0,4,0,25,12:29,1,0,0,0,\
716,Brendan Guhle\\guhlebr01,19,D,BUF,3,0,0,0,1,0,0,0,0,0,0,0,0,4,0,49,16:21,8,3,0,0,\
717,Joel Hanley\\hanlejo01,25,D,MTL,7,0,0,0,-3,4,0,0,0,0,0,0,0,5,0,71,10:09,4,8,0,0,\
718,Markus Hannikainen\\hannima01,23,LW,CBJ,5,0,0,0,-1,0,0,0,0,0,0,0,0,4,0,44,8:43,4,10,0,0,\
719,Ben Harpur\\harpube01,22,D,OTT,1,0,0,0,-1,0,0,0,0,0,0,0,0,0,,11,10:35,2,1,0,0,\
720,Scott Harrington\\harrisc01,23,D,CBJ,3,0,0,0,0,0,0,0,0,0,0,0,0,1,0,40,13:17,4,1,0,0,\
721,Danton Heinen\\heineda01,21,C,BOS,8,0,0,0,-3,2,0,0,0,0,0,0,0,7,0,106,13:14,2,6,0,0,\
722,Seth Helgeson\\helgese01,26,D,NJD,2,0,0,0,0,5,0,0,0,0,0,0,0,0,,26,13:13,2,4,0,0,\
723,Ales Hemsky\\hemskal01,33,RW,DAL,1,0,0,0,0,0,0,0,0,0,0,0,0,1,0,16,15:32,0,0,0,0,\
724,Quinton Howden\\howdequ01,25,C,WPG,5,0,0,0,1,0,0,0,0,0,0,0,0,5,0,43,8:39,0,4,0,2,0.0\
725,Mark Jankowski\\jankoma01,22,C,CGY,1,0,0,0,0,0,0,0,0,0,0,0,0,0,,10,10:18,0,1,5,3,62.5\
726,Nicklas Jensen\\jenseni01,23,RW,NYR,4,0,0,0,0,0,0,0,0,0,0,0,0,2,0,38,9:23,1,5,0,0,\
727,Ryan Johnston\\johnsry02,24,D,MTL,2,0,0,0,-1,2,0,0,0,0,0,0,0,1,0,17,8:41,1,0,0,0,\
728,Tomas Jurco\\jurcoto01,24,RW,DET,10,0,0,0,-3,2,0,0,0,0,0,0,0,7,0,102,10:10,1,4,0,0,\
729,Steven Kampfer\\kampfst01,28,D,FLA,1,0,0,0,-1,4,0,0,0,0,0,0,0,0,,17,16:48,1,1,0,0,\
730,Tanner Kero\\kerota01,24,RW,CHI,5,0,0,0,1,0,0,0,0,0,0,0,0,5,0,63,12:36,7,3,19,27,41.3\
731,Sean Kuraly\\kuralse01,24,C,BOS,5,0,0,0,-1,2,0,0,0,0,0,0,0,7,0,41,8:11,1,3,1,2,33.3\
732,Joseph Labate\\labatjo01,23,C,VAN,3,0,0,0,1,7,0,0,0,0,0,0,0,0,,15,5:04,0,4,0,0,\
733,Jacob Larsson\\larssja01,19,D,ANA,4,0,0,0,-1,2,0,0,0,0,0,0,0,2,0,66,16:26,1,1,0,0,\
734,Brian Lashoff\\lashobr01,26,D,DET,5,0,0,0,-3,0,0,0,0,0,0,0,0,1,0,63,12:31,4,8,0,0,\
735,Scott Laughton\\laughsc01,22,C,PHI,2,0,0,0,0,0,0,0,0,0,0,0,0,4,0,20,10:15,0,3,11,9,55.0\
736,Curtis Lazar\\lazarcu01,21,RW,OTT,17,0,0,0,-4,4,0,0,0,0,0,0,0,19,0,157,9:15,6,31,13,20,39.4\
737,Josh Leivo\\leivojo01,23,LW,TOR,1,0,0,0,1,0,0,0,0,0,0,0,0,0,,13,12:37,0,0,0,0,\
738,Mike Liambas\\liambmi01,27,LW,NSH,1,0,0,0,-1,0,0,0,0,0,0,0,0,0,,5,4:42,0,1,0,0,\
739,Petteri Lindbohm\\lindbpe02,23,D,STL,5,0,0,0,-3,4,0,0,0,0,0,0,0,9,0,63,12:41,3,9,0,0,\
740,Jamie McBain\\mcbaija02,28,D,ARI,3,0,0,0,-1,0,0,0,0,0,0,0,0,3,0,50,16:40,4,0,0,0,\
741,Max McCormick\\mccorma01,24,RW,OTT,5,0,0,0,-2,0,0,0,0,0,0,0,0,5,0,35,7:03,1,10,12,9,57.1\
742,Julian Melchiori\\melchju01,25,D,WPG,4,0,0,0,-3,0,0,0,0,0,0,0,0,1,0,55,13:47,4,5,0,0,\
743,Sonny Milano\\milanso01,20,LW,CBJ,2,0,0,0,-1,0,0,0,0,0,0,0,0,0,,24,11:59,1,1,0,0,\
744,Kevan Miller\\milleke03,29,D,BOS,20,0,0,0,-7,15,0,0,0,0,0,0,0,20,0,345,17:16,29,44,0,0,\
745,Zack Mitchell\\mitchza01,24,RW,MIN,10,0,0,0,-1,0,0,0,0,0,0,0,0,9,0,86,8:39,3,14,11,8,57.9\
746,Brandon Montour\\montobr01,22,D,ANA,2,0,0,0,0,2,0,0,0,0,0,0,0,2,0,28,14:00,1,0,0,0,\
747,Jakub Nakladal\\naklaja01,29,D,CAR,3,0,0,0,-4,0,0,0,0,0,0,0,0,3,0,44,14:30,4,2,0,0,\
748,Casey Nelson\\nelsoca01,24,D,BUF,8,0,0,0,-4,2,0,0,0,0,0,0,0,7,0,98,12:18,3,13,0,0,\
749,Patrik Nemeth\\nemetpa01,24,D,DAL,16,0,0,0,-4,8,0,0,0,0,0,0,0,18,0,256,15:59,19,17,0,0,\
750,Cristoval Nieves\\nievecr01,23,C,NYR,1,0,0,0,-1,0,0,0,0,0,0,0,0,0,,12,11:44,1,0,3,7,30.0\
751,Rob O'Gara\\ogararo01,23,D,BOS,3,0,0,0,1,0,0,0,0,0,0,0,0,2,0,48,16:01,7,3,0,0,\
752,Daniel O'Regan\\oregada01,23,C,SJS,1,0,0,0,0,0,0,0,0,0,0,0,0,1,0,12,12:16,0,0,6,6,50.0\
753,Cal O'Reilly\\oreilca01,30,C,BUF,4,0,0,0,-1,0,0,0,0,0,0,0,0,1,0,44,10:55,0,0,15,20,42.9\
754,Gustav Olofsson\\olofsgu01,22,D,MIN,1,0,0,0,1,0,0,0,0,0,0,0,0,0,,12,11:40,2,0,0,0,\
755,Adam Pardy\\pardyad01,32,D,NSH,4,0,0,0,-1,6,0,0,0,0,0,0,0,4,0,44,10:00,3,3,0,0,\
756,Blake Pietila\\pietibl01,23,LW,NJD,2,0,0,0,-1,2,0,0,0,0,0,0,0,0,,25,12:39,2,4,4,5,44.4\
757,Derrick Pouliot\\poulide01,23,D,PIT,7,0,0,0,-3,4,0,0,0,0,0,0,0,10,0,101,14:27,5,8,0,0,\
758,Dalton Prout\\proutda01,26,D,CBJ,8,0,0,0,2,8,0,0,0,0,0,0,0,3,0,121,15:04,10,18,0,0,\
759,Ryan Pulock\\pulocry01,22,D,NYI,1,0,0,0,1,0,0,0,0,0,0,0,0,0,,4,3:57,1,1,0,0,\
760,John Quenneville\\quennjo02,20,C,NJD,2,0,0,0,-1,2,0,0,0,0,0,0,0,0,,17,8:42,1,1,0,0,\
761,Ty Rattie\\rattity01,23,RW,STL,4,0,0,0,0,0,0,0,0,0,0,0,0,1,0,29,7:20,2,1,0,0,\
762,Mason Raymond\\raymoma01,31,LW,ANA,4,0,0,0,-2,0,0,0,0,0,0,0,0,3,0,36,8:55,0,3,0,1,0.0\
763,Mike Reilly\\reillmi01,23,D,MIN,9,0,0,0,0,2,0,0,0,0,0,0,0,9,0,117,12:57,2,1,0,0,\
764,Tanner Richard\\richata01,23,C,TBL,3,0,0,0,-2,2,0,0,0,0,0,0,0,1,0,38,12:42,2,6,13,17,43.3\
765,Buddy Robinson\\robinbu01,25,RW,OTT,4,0,0,0,0,2,0,0,0,0,0,0,0,4,0,28,6:57,0,9,0,0,\
766,Evan Rodrigues\\rodriev01,23,LW,BUF,2,0,0,0,-1,0,0,0,0,0,0,0,0,2,0,23,11:28,0,0,1,0,100.0\
767,Miikka Salomaki\\salommi01,23,RW,NSH,2,0,0,0,-1,0,0,0,0,0,0,0,0,2,0,19,9:34,5,6,0,0,\
768,Mikhail Sergachev\\sergami01,18,D,MTL,3,0,0,0,1,0,0,0,0,0,0,0,0,2,0,31,10:26,2,7,0,0,\
769,Dillon Simpson\\simpsdi01,,D,EDM,3,0,0,0,0,2,0,0,0,0,0,0,0,2,0,33,10:53,2,3,0,0,\
770,Trevor Smith\\smithtr01,31,C,NSH,1,0,0,0,0,0,0,0,0,0,0,0,0,0,,7,7:20,2,0,0,8,0.0\
771,Blake Speers\\speerbl01,20,C,NJD,3,0,0,0,0,0,0,0,0,0,0,0,0,3,0,28,9:29,1,1,0,2,0.0\
772,Mark Stuart\\stuarma01,32,D,WPG,10,0,0,0,1,8,0,0,0,0,0,0,0,6,0,121,12:04,27,14,0,0,\
773,Jordin Tootoo\\tootojo01,33,RW,CHI,30,0,0,0,-2,16,0,0,0,0,0,0,0,28,0,196,6:33,5,28,1,0,100.0\
774,Phil Varone\\varonph01,26,C,OTT,4,0,0,0,-2,2,0,0,0,0,0,0,0,0,,33,8:17,0,2,9,10,47.4\
775,Linden Vey\\veyli01,25,RW,CGY,4,0,0,0,-2,0,0,0,0,0,0,0,0,1,0,44,11:01,0,1,9,15,37.5\
776,David Warsofsky\\warsoda01,26,D,PIT,4,0,0,0,1,2,0,0,0,0,0,0,0,6,0,61,15:19,6,3,0,0,\
777,Tyler Wotherspoon\\wothety01,23,D,CGY,2,0,0,0,-1,0,0,0,0,0,0,0,0,0,,21,10:31,2,2,0,0,\
778,Michael Zalewski\\zalewmi01,24,LW,VAN,1,0,0,0,-1,0,0,0,0,0,0,0,0,0,,8,8:03,1,0,0,0,\
779,Harry Zolnierczyk\\zolniha01,29,LW,NSH,1,0,0,0,0,2,0,0,0,0,0,0,0,0,,8,7:50,1,1,0,0,}