,,,,,,,,Scoring,Scoring,Scoring,,,Goals,Goals,Goals,Goals,,,,Per Game,Per Game,Per Game,Per Game,Point Shares,Point Shares,Point Shares\
Rk,Player,Tm,Lg,Pos,Season,Age,GP,G,A,PTS,#ERROR!,PIM,EV,PP,SH,GW,S,S%,TOI,G,A,PTS,S,OPS,DPS,PS\
1,Sidney Crosby\\crosbsi01,PIT,NHL,C,2016-17,29,32,26,16,42,9,12,17,9,0,3,112,23.2,615,0.81,0.5,1.31,3.5,6,0.8,6.7\
2,Jeff Carter\\carteje01,LAK,NHL,C,2016-17,32,37,20,11,31,6,14,13,6,1,7,118,16.9,670,0.54,0.3,0.84,3.19,4,1.2,5.2\
3,Wayne Simmonds\\simmowa01,PHI,NHL,RW,2016-17,28,39,17,15,32,-7,67,8,8,1,1,105,16.2,751,0.44,0.38,0.82,2.69,3.5,0.6,4.1\
4,Brent Burns\\burnsbr01,SJS,NHL,D,2016-17,31,37,15,20,35,12,14,11,4,0,3,151,9.9,911,0.41,0.54,0.95,4.08,4.5,3.7,8.1\
5,Mark Scheifele\\scheima01,WPG,NHL,C,2016-17,23,36,15,18,33,5,24,12,3,0,2,83,18.1,729,0.42,0.5,0.92,2.31,3.4,1,4.4\
6,Sam Gagner\\gagnesa01,CBJ,NHL,C,2016-17,27,34,14,14,28,11,8,8,6,0,1,84,16.7,456,0.41,0.41,0.82,2.47,3.6,0.8,4.4\
7,Connor McDavid\\mcdavco01,EDM,NHL,C,2016-17,20,38,14,29,43,9,16,12,2,0,3,111,12.6,804,0.37,0.76,1.13,2.92,4.3,1.3,5.6\
8,James Neal\\nealja01,NSH,NHL,RW,2016-17,29,32,14,6,20,-4,17,12,2,0,2,105,13.3,593,0.44,0.19,0.63,3.28,2.2,0.5,2.7\
9,Matt Duchene\\duchema01,COL,NHL,C,2016-17,26,33,13,11,24,-10,2,11,2,0,3,84,15.5,616,0.39,0.33,0.73,2.55,2.5,0.4,2.9\
10,Patrick Eaves\\eavespa01,DAL,NHL,RW,2016-17,32,37,13,9,22,-8,12,6,7,0,1,88,14.8,614,0.35,0.24,0.59,2.38,2.2,0.3,2.5\
11,Nazem Kadri\\kadrina01,TOR,NHL,C,2016-17,26,36,13,8,21,-1,59,8,5,0,3,116,11.2,591,0.36,0.22,0.58,3.22,2.2,0.5,2.7\
12,Rick Nash\\nashri01,NYR,NHL,RW,2016-17,32,30,13,7,20,-1,12,8,4,1,2,88,14.8,483,0.43,0.23,0.67,2.93,2.4,0.4,2.8\
13,Tyler Seguin\\seguity01,DAL,NHL,C,2016-17,25,38,13,25,38,-9,14,6,7,0,1,132,9.8,724,0.34,0.66,1,3.47,3.6,0.4,4.1\
14,Jeff Skinner\\skinnje01,CAR,NHL,LW,2016-17,24,35,13,14,27,-6,16,9,4,0,0,124,10.5,636,0.37,0.4,0.77,3.54,2.8,0.6,3.4\
15,Kyle Turris\\turriky01,OTT,NHL,C,2016-17,27,37,13,12,25,1,29,12,1,0,3,72,18.1,715,0.35,0.32,0.68,1.95,2.4,0.9,3.3\
16,Paul Byron\\byronpa01,MTL,NHL,LW,2016-17,27,37,12,11,23,8,14,11,0,1,2,50,24,557,0.32,0.3,0.62,1.35,2.4,0.8,3.2\
17,Alex Killorn\\killoal01,TBL,NHL,LW,2016-17,27,38,12,7,19,-5,34,9,2,1,3,90,13.3,679,0.32,0.18,0.5,2.37,1.6,0.5,2.1\
18,Jaden Schwartz\\schwaja01,STL,NHL,LW,2016-17,24,34,12,9,21,1,6,9,3,0,3,78,15.4,654,0.35,0.26,0.62,2.29,1.9,0.8,2.7\
19,Logan Couture\\coutulo01,SJS,NHL,C,2016-17,27,37,11,12,23,1,10,5,6,0,1,104,10.6,686,0.3,0.32,0.62,2.81,1.9,1.1,3.0\
20,Jonathan Drouin\\drouijo01,TBL,NHL,LW,2016-17,21,30,11,11,22,1,8,5,6,0,2,85,12.9,512,0.37,0.37,0.73,2.83,2.3,0.6,2.9\
21,Robby Fabbri\\fabbrro01,STL,NHL,C,2016-17,21,37,11,14,25,-5,25,7,4,0,0,65,16.9,588,0.3,0.38,0.68,1.76,2.4,0.5,2.9\
22,Bo Horvat\\horvabo01,VAN,NHL,C,2016-17,21,39,11,15,26,-1,16,8,1,2,1,68,16.2,681,0.28,0.38,0.67,1.74,2.3,0.8,3.2\
23,Jon Marchessault\\audymjo01,FLA,NHL,C,2016-17,26,31,11,13,24,1,12,8,3,0,2,83,13.3,566,0.35,0.42,0.77,2.68,2.4,0.8,3.2\
24,P.A. Parenteau\\parenpi01,NJD,NHL,RW,2016-17,33,36,11,6,17,-10,29,8,3,0,2,69,15.9,563,0.31,0.17,0.47,1.92,1.6,0.4,2.0\
25,Brayden Schenn\\schenbr01,PHI,NHL,C,2016-17,25,36,11,13,24,-6,24,3,8,0,4,84,13.1,642,0.31,0.36,0.67,2.33,2.2,0.5,2.7\
26,Eric Staal\\staaler01,MIN,NHL,C,2016-17,32,36,11,19,30,13,14,9,1,1,5,94,11.7,694,0.31,0.53,0.83,2.61,2.7,1.1,3.9\
27,Mark Stone\\stonema01,OTT,NHL,RW,2016-17,24,36,11,17,28,1,17,6,5,0,3,55,20,667,0.31,0.47,0.78,1.53,2.7,0.8,3.5\
28,John Tavares\\tavarjo01,NYI,NHL,C,2016-17,26,36,11,16,27,-1,26,7,4,0,0,105,10.5,726,0.31,0.44,0.75,2.92,2.3,0.5,2.8\
29,Jamie Benn\\bennja01,DAL,NHL,LW,2016-17,27,38,10,24,34,-6,35,4,6,0,2,87,11.5,768,0.26,0.63,0.89,2.29,2.7,0.6,3.3\
30,Mike Fisher\\fishemi01,NSH,NHL,C,2016-17,36,32,10,10,20,-4,35,5,5,0,2,60,16.7,528,0.31,0.31,0.63,1.88,2,0.4,2.4\
31,Claude Giroux\\giroucl01,PHI,NHL,C,2016-17,29,39,10,22,32,-5,24,6,4,0,1,104,9.6,766,0.26,0.56,0.82,2.67,2.7,0.7,3.3\
32,Mike Hoffman\\hoffmmi02,OTT,NHL,LW,2016-17,27,33,10,15,25,-2,27,4,6,0,3,102,9.8,571,0.3,0.45,0.76,3.09,2.5,0.6,3.1\
33,Milan Lucic\\lucicmi01,EDM,NHL,LW,2016-17,28,38,10,16,26,-3,18,6,4,0,1,92,10.9,688,0.26,0.42,0.68,2.42,2.2,0.6,2.9\
34,Brad Marchand\\marchbr03,BOS,NHL,LW,2016-17,28,40,10,21,31,4,42,8,2,0,3,112,8.9,758,0.25,0.53,0.78,2.8,2.7,1.3,4.0\
35,Patrick Marleau\\marlepa01,SJS,NHL,LW,2016-17,37,37,10,6,16,0,10,7,3,0,3,91,11,647,0.27,0.16,0.43,2.46,1.1,1,2.1\
36,Sean Monahan\\monahse01,CGY,NHL,C,2016-17,22,39,10,10,20,-14,12,6,4,0,2,80,12.5,699,0.26,0.26,0.51,2.05,1.3,0.2,1.6\
37,David Perron\\perroda01,STL,NHL,LW,2016-17,28,38,10,10,20,-6,30,8,2,0,3,76,13.2,689,0.26,0.26,0.53,2,1.5,0.6,2.0\
38,Sam Bennett\\bennesa01,CGY,NHL,C,2016-17,20,39,9,9,18,-6,39,7,2,0,0,64,14.1,610,0.23,0.23,0.46,1.64,1.3,0.5,1.7\
39,Rene Bourque\\bourqre01,COL,NHL,RW,2016-17,35,35,9,4,13,-13,25,7,2,0,2,62,14.5,525,0.26,0.11,0.37,1.77,1,0.2,1.2\
40,Mike Cammalleri\\cammami01,NJD,NHL,LW,2016-17,34,32,9,10,19,-5,17,8,1,0,2,78,11.5,582,0.28,0.31,0.59,2.44,1.6,0.6,2.2\
41,Andrew Cogliano\\coglian01,ANA,NHL,LW,2016-17,29,39,9,10,19,9,16,7,0,2,0,83,10.8,597,0.23,0.26,0.49,2.13,1.5,1.1,2.6\
42,Cam Fowler\\fowleca01,ANA,NHL,D,2016-17,25,39,9,13,22,0,6,4,5,0,3,85,10.6,956,0.23,0.33,0.56,2.18,2.3,2.2,4.5\
43,Taylor Hall\\hallta02,NJD,NHL,LW,2016-17,25,28,9,16,25,-4,8,5,4,0,2,89,10.1,569,0.32,0.57,0.89,3.18,2.3,0.7,3.0\
44,Scott Hartnell\\hartnsc01,CBJ,NHL,LW,2016-17,34,35,9,13,22,11,15,8,1,0,0,51,17.6,437,0.26,0.37,0.63,1.46,2.3,0.8,3.2\
45,Adam Henrique\\henriad01,NJD,NHL,C,2016-17,26,38,9,11,20,-7,24,6,2,1,1,63,14.3,701,0.24,0.29,0.53,1.66,1.4,0.7,2.1\
46,Nathan MacKinnon\\mackina01,COL,NHL,C,2016-17,21,37,9,16,25,-13,4,6,1,2,3,125,7.2,744,0.24,0.43,0.68,3.38,1.8,0.5,2.2\
47,Anthony Mantha\\manthan01,DET,NHL,RW,2016-17,22,22,9,7,16,10,12,8,1,0,2,54,16.7,372,0.41,0.32,0.73,2.45,1.8,0.9,2.7\
48,Mitch Marner\\marnemi01,TOR,NHL,C,2016-17,19,36,9,18,27,-2,18,8,1,0,3,100,9,614,0.25,0.5,0.75,2.78,2.4,0.5,2.9\
49,Tanner Pearson\\pearsta01,LAK,NHL,LW,2016-17,24,35,9,9,18,10,7,8,1,0,0,72,12.5,551,0.26,0.26,0.51,2.06,1.6,1.2,2.8\
50,Steven Stamkos\\stamkst01,TBL,NHL,C,2016-17,26,17,9,11,20,3,14,6,3,0,1,58,15.5,304,0.53,0.65,1.18,3.41,2.4,0.5,2.9\
51,Shea Weber\\webersh01,MTL,NHL,D,2016-17,31,37,9,12,21,16,20,1,8,0,3,93,9.7,963,0.24,0.32,0.57,2.51,2.2,2.9,5.1\
52,Justin Williams\\williju01,WSH,NHL,RW,2016-17,35,36,9,7,16,-2,26,7,2,0,0,79,11.4,565,0.25,0.19,0.44,2.19,1.2,0.6,1.8\
53,Josh Anderson\\anderjo05,CBJ,NHL,RW,2016-17,22,35,8,6,14,10,41,8,0,0,2,52,15.4,426,0.23,0.17,0.4,1.49,1.3,0.8,2.1\
54,Derick Brassard\\brassde01,OTT,NHL,C,2016-17,29,37,8,9,17,1,10,7,1,0,1,85,9.4,646,0.22,0.24,0.46,2.3,1.1,0.8,1.9\
55,Troy Brouwer\\brouwtr01,CGY,NHL,RW,2016-17,31,36,8,9,17,-11,18,4,3,1,1,46,17.4,617,0.22,0.25,0.47,1.28,1,0.3,1.3\
56,Jordan Eberle\\eberljo01,EDM,NHL,RW,2016-17,26,38,8,17,25,-4,4,5,3,0,0,100,8,675,0.21,0.45,0.66,2.63,1.9,0.6,2.5\
57,Evander Kane\\kaneev01,BUF,NHL,LW,2016-17,25,25,8,5,13,-10,37,7,1,0,1,77,10.4,464,0.32,0.2,0.52,3.08,1.1,0.2,1.3\
58,Andrew Ladd\\laddan01,NYI,NHL,LW,2016-17,31,36,8,4,12,-9,22,7,1,0,1,59,13.6,580,0.22,0.11,0.33,1.64,0.7,0.1,0.7\
59,Dominic Moore\\mooredo01,BOS,NHL,C,2016-17,36,40,8,4,12,4,18,6,0,2,1,46,17.4,512,0.2,0.1,0.3,1.15,0.9,0.9,1.8\
60,Matt Moulson\\moulsma01,BUF,NHL,LW,2016-17,33,36,8,7,15,-3,4,1,7,0,1,69,11.6,479,0.22,0.19,0.42,1.92,1.3,0.5,1.8\
61,William Nylander\\nylanwi01,TOR,NHL,C,2016-17,20,35,8,17,25,-2,18,3,5,0,0,90,8.9,570,0.23,0.49,0.71,2.57,2.2,0.4,2.6\
62,Sam Reinhart\\reinhsa01,BUF,NHL,C,2016-17,21,36,8,14,22,-1,8,4,4,0,1,79,10.1,625,0.22,0.39,0.61,2.19,1.7,0.8,2.4\
63,Nick Ritchie\\ritchni01,ANA,NHL,LW,2016-17,21,37,8,5,13,-3,22,7,1,0,1,69,11.6,494,0.22,0.14,0.35,1.86,1,0.5,1.5\
64,Zack Smith\\smithza01,OTT,NHL,C,2016-17,28,35,8,7,15,6,31,6,0,2,0,69,11.6,559,0.23,0.2,0.43,1.97,1.1,0.9,2.0\
65,Tyler Toffoli\\toffoty01,LAK,NHL,C,2016-17,24,32,8,12,20,14,16,6,2,0,1,93,8.6,566,0.25,0.38,0.63,2.91,1.7,1.4,3.0\
66,Travis Zajac\\zajactr01,NJD,NHL,C,2016-17,31,37,8,16,24,-7,16,5,3,0,1,73,11,752,0.22,0.43,0.65,1.97,1.6,0.8,2.3\
67,Patrice Bergeron\\bergepa01,BOS,NHL,C,2016-17,31,37,7,5,12,-1,8,4,3,0,4,130,5.4,713,0.19,0.14,0.32,3.51,0.2,1,1.2\
68,Tyler Bozak\\bozakty01,TOR,NHL,C,2016-17,30,33,7,13,20,1,8,6,1,0,1,63,11.1,543,0.21,0.39,0.61,1.91,1.6,0.5,2.1\
69,Connor Brown\\brownco02,TOR,NHL,RW,2016-17,23,36,7,9,16,5,6,6,1,0,1,59,11.9,542,0.19,0.25,0.44,1.64,1.1,0.7,1.8\
70,Alexandre Burrows\\burroal01,VAN,NHL,RW,2016-17,35,34,7,8,15,0,33,7,0,0,0,69,10.1,495,0.21,0.24,0.44,2.03,1.1,0.6,1.8\
71,Phillip Danault\\danauph01,MTL,NHL,LW,2016-17,23,37,7,9,16,-2,10,7,0,0,2,59,11.9,507,0.19,0.24,0.43,1.59,1.2,0.3,1.5\
72,Jason Demers\\demerja01,FLA,NHL,D,2016-17,28,38,7,9,16,0,18,7,0,0,0,47,14.9,775,0.18,0.24,0.42,1.24,1.6,2,3.6\
73,Aaron Ekblad\\ekblaaa01,FLA,NHL,D,2016-17,20,38,7,3,10,-17,36,5,2,0,2,129,5.4,870,0.18,0.08,0.26,3.39,0.8,0.8,1.6\
74,Mike Green\\greenmi03,DET,NHL,D,2016-17,31,32,7,11,18,-5,20,6,1,0,1,59,11.9,782,0.22,0.34,0.56,1.84,1.9,1.4,3.2\
75,Nick Holden\\holdeni01,NYR,NHL,D,2016-17,29,39,7,13,20,16,10,5,2,0,2,35,20,786,0.18,0.33,0.51,0.9,2.1,2.6,4.7\
76,Ryan Johansen\\johanry01,NSH,NHL,C,2016-17,24,36,7,20,27,1,22,3,3,1,3,83,8.4,674,0.19,0.56,0.75,2.31,2,0.8,2.8\
77,Mark Letestu\\letesma01,EDM,NHL,C,2016-17,31,35,7,10,17,0,9,2,3,2,3,51,13.7,497,0.2,0.29,0.49,1.46,1.4,0.6,1.9\
78,Torrey Mitchell\\mitchto01,MTL,NHL,C,2016-17,32,37,7,5,12,7,22,7,0,0,1,36,19.4,499,0.19,0.14,0.32,0.97,0.7,0.7,1.4\
79,Ryan Nugent-Hopkins\\nugenry01,EDM,NHL,C,2016-17,23,38,7,11,18,-9,16,4,3,0,2,105,6.7,680,0.18,0.29,0.47,2.76,1,0.4,1.3\
80,Ryan O'Reilly\\oreilry01,BUF,NHL,C,2016-17,25,27,7,11,18,-1,6,4,3,0,2,85,8.2,581,0.26,0.41,0.67,3.15,1.2,0.7,1.9\
81,Corey Perry\\perryco01,ANA,NHL,RW,2016-17,31,39,7,22,29,-6,27,5,2,0,1,111,6.3,717,0.18,0.56,0.74,2.85,2.1,0.6,2.7\
82,Alex Pietrangelo\\pietral01,STL,NHL,D,2016-17,27,37,7,11,18,-5,14,4,3,0,2,83,8.4,925,0.19,0.3,0.49,2.24,1.7,1.8,3.4\
83,Brett Ritchie\\ritchbr01,DAL,NHL,RW,2016-17,23,38,7,4,11,3,19,6,1,0,0,85,8.2,493,0.18,0.11,0.29,2.24,0.6,0.7,1.3\
84,Justin Schultz\\schulju01,PIT,NHL,D,2016-17,26,38,7,17,24,23,10,6,1,0,1,71,9.9,698,0.18,0.45,0.63,1.87,2.6,2.8,5.4\
85,Reilly Smith\\smithre01,FLA,NHL,RW,2016-17,25,36,7,9,16,-6,8,2,4,1,2,73,9.6,691,0.19,0.25,0.44,2.03,0.7,0.6,1.3\
86,Jason Spezza\\spezzja01,DAL,NHL,C,2016-17,33,31,7,15,22,-13,19,5,1,1,2,70,10,520,0.23,0.48,0.71,2.26,1.8,0,1.8\
87,Ryan Spooner\\spoonry01,BOS,NHL,C,2016-17,25,39,7,12,19,-1,10,5,2,0,2,80,8.8,571,0.18,0.31,0.49,2.05,1.4,0.8,2.2\
88,Jordan Staal\\staaljo01,CAR,NHL,C,2016-17,28,29,7,7,14,-1,11,4,2,1,1,61,11.5,533,0.24,0.24,0.48,2.1,0.9,0.7,1.6\
89,Paul Stastny\\stastpa01,STL,NHL,C,2016-17,31,37,7,11,18,1,24,5,2,0,2,55,12.7,736,0.19,0.3,0.49,1.49,0.8,0.9,1.7\
90,Chris Stewart\\stewach02,MIN,NHL,RW,2016-17,29,36,7,3,10,0,47,7,0,0,0,33,21.2,378,0.19,0.08,0.28,0.92,0.9,0.3,1.2\
91,P.K. Subban\\subbapk01,NSH,NHL,D,2016-17,27,29,7,10,17,-11,25,4,3,0,2,80,8.8,727,0.24,0.34,0.59,2.76,1.8,0.6,2.4\
92,Antoine Vermette\\vermean01,ANA,NHL,C,2016-17,34,39,7,9,16,-6,22,4,3,0,0,53,13.2,632,0.18,0.23,0.41,1.36,0.9,0.5,1.3\
93,Jay Beagle\\beaglja01,WSH,NHL,RW,2016-17,31,36,6,8,14,11,8,5,0,1,2,45,13.3,473,0.17,0.22,0.39,1.25,0.9,1,2.0\
94,Blake Comeau\\comeabl01,COL,NHL,LW,2016-17,30,33,6,2,8,-6,36,3,2,1,0,49,12.2,523,0.18,0.06,0.24,1.48,0.1,0.5,0.6\
95,Drew Doughty\\doughdr01,LAK,NHL,D,2016-17,27,37,6,12,18,5,22,4,2,0,0,87,6.9,1005,0.16,0.32,0.49,2.35,1.5,3,4.5\
96,Brendan Gallagher\\gallabr01,MTL,NHL,RW,2016-17,24,37,6,12,18,4,29,5,1,0,1,102,5.9,563,0.16,0.32,0.49,2.76,1.1,0.6,1.7\
97,Dougie Hamilton\\hamildo01,CGY,NHL,D,2016-17,23,38,6,16,22,0,36,6,0,0,3,111,5.4,737,0.16,0.42,0.58,2.92,2.2,1.6,3.8\
98,Boone Jenner\\jennebo01,CBJ,NHL,C,2016-17,23,35,6,5,11,1,19,6,0,0,1,77,7.8,533,0.17,0.14,0.31,2.2,0.4,0.5,0.9\
99,Bryan Little\\littlbr01,WPG,NHL,C,2016-17,29,16,6,6,12,1,4,4,2,0,1,40,15,270,0.38,0.38,0.75,2.5,1.3,0.3,1.6\
100,Jordan Martinook\\martijo01,ARI,NHL,LW,2016-17,24,37,6,8,14,-2,16,5,1,0,0,60,10,609,0.16,0.22,0.38,1.62,0.5,0.6,1.1\
101,Jamie McGinn\\mcginja01,ARI,NHL,LW,2016-17,28,32,6,3,9,-4,19,6,0,0,2,62,9.7,434,0.19,0.09,0.28,1.94,0.5,0.3,0.8\
102,Brandon Pirri\\pirribr01,NYR,NHL,RW,2016-17,25,37,6,8,14,0,15,2,4,0,3,57,10.5,464,0.16,0.22,0.38,1.54,1,0.4,1.4\
103,Matt Read\\readma01,PHI,NHL,RW,2016-17,30,28,6,4,10,-2,2,4,2,0,0,42,14.3,411,0.21,0.14,0.36,1.5,0.7,0.4,1.1\
104,Andrew Shaw\\shawan01,MTL,NHL,C,2016-17,25,29,6,9,15,12,58,5,1,0,0,58,10.3,437,0.21,0.31,0.52,2,1.1,0.9,2.0\
105,Devin Shore\\shorede01,DAL,NHL,C,2016-17,22,38,6,8,14,-1,4,6,0,0,0,55,10.9,505,0.16,0.21,0.37,1.45,0.8,0.5,1.3\
106,Ryan Strome\\stromry01,NYI,NHL,RW,2016-17,23,33,6,7,13,-4,16,5,1,0,1,58,10.3,469,0.18,0.21,0.39,1.76,0.9,0.2,1.1\
107,Jonathan Toews\\toewsjo01,CHI,NHL,C,2016-17,28,31,6,12,18,0,19,3,3,0,2,82,7.3,644,0.19,0.39,0.58,2.65,0.9,0.7,1.6\
108,Kris Versteeg\\verstkr01,CGY,NHL,RW,2016-17,30,27,6,11,17,2,8,4,2,0,1,38,15.8,372,0.22,0.41,0.63,1.41,1.5,0.5,2.0\
109,Andreas Athanasiou\\athanan01,DET,NHL,C,2016-17,22,23,5,2,7,-4,9,5,0,0,0,40,12.5,278,0.22,0.09,0.3,1.74,0.6,0.2,0.8\
110,Josh Bailey\\bailejo01,NYI,NHL,LW,2016-17,27,36,5,19,24,0,4,4,1,0,1,70,7.1,688,0.14,0.53,0.67,1.94,1.4,0.5,1.9\
111,Kyle Brodziak\\brodzky01,STL,NHL,C,2016-17,32,37,5,3,8,-3,23,5,0,0,1,35,14.3,376,0.14,0.08,0.22,0.95,0.4,0.3,0.7\
112,Matt Calvert\\calvema01,CBJ,NHL,LW,2016-17,27,30,5,2,7,6,35,3,0,2,1,43,11.6,424,0.17,0.07,0.23,1.43,0.2,0.6,0.8\
113,Alex Chiasson\\chiasal01,CGY,NHL,RW,2016-17,26,39,5,6,11,3,23,4,0,1,1,49,10.2,540,0.13,0.15,0.28,1.26,0.2,0.8,1.0\
114,Jason Chimera\\chimeja01,NYI,NHL,LW,2016-17,37,36,5,7,12,-5,18,5,0,0,0,50,10,468,0.14,0.19,0.33,1.39,0.6,0.2,0.8\
115,Max Domi\\domima01,ARI,NHL,LW,2016-17,21,26,5,11,16,-5,22,4,1,0,1,58,8.6,449,0.19,0.42,0.62,2.23,1.1,0.3,1.4\
116,Mathew Dumba\\dumbama01,MIN,NHL,D,2016-17,22,36,5,10,15,11,37,3,2,0,1,71,7,711,0.14,0.28,0.42,1.97,1.4,2.2,3.5\
117,Micheal Ferland\\ferlami01,CGY,NHL,LW,2016-17,24,39,5,6,11,-5,19,3,2,0,0,47,10.6,425,0.13,0.15,0.28,1.21,0.6,0.3,0.9\
118,Ryan Getzlaf\\getzlry01,ANA,NHL,C,2016-17,31,36,5,25,30,-8,20,2,2,1,1,67,7.5,737,0.14,0.69,0.83,1.86,1.9,0.5,2.5\
119,Mark Giordano\\giordma01,CGY,NHL,D,2016-17,33,39,5,10,15,8,34,1,2,2,1,80,6.3,946,0.13,0.26,0.38,2.05,1,2.7,3.8\
120,Zach Hyman\\hymanza01,TOR,NHL,C,2016-17,24,36,5,11,16,2,18,5,0,0,2,84,6,605,0.14,0.31,0.44,2.33,0.7,0.6,1.3\
121,Jarome Iginla\\iginlja01,COL,NHL,RW,2016-17,39,37,5,4,9,-8,43,3,2,0,0,77,6.5,563,0.14,0.11,0.24,2.08,0,0.4,0.4\
122,Dwight King\\kingdw01,LAK,NHL,LW,2016-17,27,37,5,5,10,3,6,5,0,0,1,54,9.3,566,0.14,0.14,0.27,1.46,0.1,0.9,1.0\
123,Travis Konecny\\konectr01,PHI,NHL,C,2016-17,19,38,5,14,19,-1,35,3,2,0,0,83,6,564,0.13,0.37,0.5,2.18,1.2,0.6,1.8\
124,Dion Phaneuf\\phanedi01,OTT,NHL,D,2016-17,31,37,5,10,15,-7,51,2,3,0,1,81,6.2,855,0.14,0.27,0.41,2.19,1.2,1.4,2.7\
125,Jason Pominville\\pominja01,MIN,NHL,RW,2016-17,34,36,5,9,14,1,2,5,0,0,0,72,6.9,517,0.14,0.25,0.39,2,0.7,0.5,1.2\
126,Benoit Pouliot\\poulibe01,EDM,NHL,LW,2016-17,30,33,5,2,7,-2,24,5,0,0,1,42,11.9,480,0.15,0.06,0.21,1.27,0,0.5,0.5\
127,Matt Puempel\\puempma01,TOT,NHL,LW,2016-17,24,26,5,1,6,-8,9,2,3,0,1,29,17.2,241,0.19,0.04,0.23,1.12,0.6,-0.1,0.5\
128,Brad Richardson\\richabr02,ARI,NHL,RW,2016-17,31,16,5,4,9,-1,15,3,0,2,0,25,20,246,0.31,0.25,0.56,1.56,0.9,0.2,1.1\
129,Colton Sceviour\\scevico01,FLA,NHL,C,2016-17,27,37,5,7,12,-10,14,2,1,2,1,69,7.2,553,0.14,0.19,0.32,1.86,0.4,0.3,0.7\
130,Daniel Winnik\\winnida01,WSH,NHL,LW,2016-17,31,26,5,4,9,9,17,4,0,1,1,26,19.2,310,0.19,0.15,0.35,1,0.7,0.8,1.5\
131,Anthony Beauvillier\\beauvan01,NYI,NHL,LW,2016-17,19,26,4,5,9,2,6,4,0,0,0,28,14.3,309,0.15,0.19,0.35,1.08,0.6,0.3,1.0\
132,Johnny Boychuk\\boychjo01,NYI,NHL,D,2016-17,33,35,4,8,12,1,15,3,0,1,1,74,5.4,693,0.11,0.23,0.34,2.11,1,1.1,2.0\
133,Casey Cizikas\\cizikca01,NYI,NHL,C,2016-17,25,30,4,9,13,8,18,4,0,0,1,33,12.1,430,0.13,0.3,0.43,1.1,0.7,0.7,1.4\
134,Brett Connolly\\connobr01,WSH,NHL,RW,2016-17,24,22,4,1,5,1,16,3,1,0,0,32,12.5,236,0.18,0.05,0.23,1.45,0.4,0.3,0.7\
135,Nick Cousins\\cousini01,PHI,NHL,C,2016-17,23,34,4,6,10,-5,21,3,1,0,0,44,9.1,377,0.12,0.18,0.29,1.29,0.5,0.2,0.8\
136,Adam Cracknell\\crackad01,DAL,NHL,RW,2016-17,31,35,4,2,6,6,2,4,0,0,2,48,8.3,361,0.11,0.06,0.17,1.37,0.1,0.7,0.7\
137,Michael Del Zotto\\delzomi01,PHI,NHL,D,2016-17,26,22,4,5,9,-5,4,4,0,0,0,43,9.3,424,0.18,0.23,0.41,1.95,1,0.5,1.5\
138,Shane Doan\\doansh01,ARI,NHL,RW,2016-17,40,37,4,7,11,-3,30,3,1,0,0,80,5,562,0.11,0.19,0.3,2.16,0.1,0.5,0.6\
139,Ryan Ellis\\ellisry01,NSH,NHL,D,2016-17,26,28,4,8,12,6,19,4,0,0,2,44,9.1,680,0.14,0.29,0.43,1.57,1,1.9,2.9\
140,Eric Fehr\\fehrer01,PIT,NHL,C,2016-17,31,33,4,2,6,-3,6,4,0,0,2,37,10.8,369,0.12,0.06,0.18,1.12,0.1,0.1,0.2\
141,Darren Helm\\helmda01,DET,NHL,C,2016-17,30,17,4,3,7,6,8,2,2,0,1,28,14.3,259,0.24,0.18,0.41,1.65,0.5,0.6,1.1\
142,Ben Hutton\\huttobe01,VAN,NHL,D,2016-17,23,39,4,7,11,-13,18,3,1,0,1,70,5.7,821,0.1,0.18,0.28,1.79,0.7,0.9,1.6\
143,Derek MacKenzie\\mackede01,FLA,NHL,C,2016-17,35,38,4,5,9,2,15,4,0,0,0,44,9.1,460,0.11,0.13,0.24,1.16,0.2,0.7,0.9\
144,Shawn Matthias\\matthsh01,WPG,NHL,C,2016-17,28,14,4,1,5,2,4,3,0,1,1,21,19,174,0.29,0.07,0.36,1.5,0.5,0.3,0.8\
145,Jamie Oleksiak\\oleksja01,DAL,NHL,D,2016-17,24,17,4,1,5,2,18,4,0,0,1,17,23.5,269,0.24,0.06,0.29,1,0.7,0.7,1.4\
146,Jean-Gabriel Pageau\\pageaje01,OTT,NHL,C,2016-17,24,37,4,9,13,5,6,4,0,0,1,67,6,593,0.11,0.24,0.35,1.81,0.3,0.9,1.2\
147,Tom Pyatt\\pyattto01,OTT,NHL,LW,2016-17,29,37,4,5,9,0,10,4,0,0,0,47,8.5,579,0.11,0.14,0.24,1.27,-0.1,0.7,0.6\
148,Mike Ribeiro\\ribeimi01,NSH,NHL,C,2016-17,36,36,4,17,21,-2,14,2,2,0,0,29,13.8,576,0.11,0.47,0.58,0.81,1.2,0.6,1.8\
149,Devin Setoguchi\\setogde01,LAK,NHL,RW,2016-17,30,31,4,5,9,-1,6,4,0,0,0,42,9.5,406,0.13,0.16,0.29,1.35,0.4,0.5,0.9\
150,Jared Spurgeon\\spurgja01,MIN,NHL,D,2016-17,27,32,4,12,16,23,12,4,0,0,1,60,6.7,762,0.13,0.38,0.5,1.88,1.3,3.3,4.6\
151,Alex Steen\\steenal01,STL,NHL,LW,2016-17,32,32,4,16,20,-11,31,4,0,0,0,45,8.9,627,0.13,0.5,0.63,1.41,1,0.3,1.2\
152,Scottie Upshall\\upshasc01,STL,NHL,RW,2016-17,33,35,4,3,7,-7,19,4,0,0,1,35,11.4,360,0.11,0.09,0.2,1,0.2,0.1,0.4\
153,Scott Wilson\\wilsosc01,PIT,NHL,LW,2016-17,24,35,4,6,10,-1,4,4,0,0,1,63,6.3,388,0.11,0.17,0.29,1.8,0.5,0.2,0.7\
154,Karl Alzner\\alzneka01,WSH,NHL,D,2016-17,28,36,3,3,6,8,12,3,0,0,0,39,7.7,731,0.08,0.08,0.17,1.08,0.1,2.3,2.4\
155,Tyson Barrie\\barrity01,COL,NHL,D,2016-17,25,37,3,17,20,-20,14,3,0,0,1,93,3.2,869,0.08,0.46,0.54,2.51,1.5,0.6,2.1\
156,T.J. Brodie\\broditj01,CGY,NHL,D,2016-17,26,39,3,11,14,-17,12,1,1,1,0,37,8.1,909,0.08,0.28,0.36,0.95,0.7,0.5,1.2\
157,Brian Campbell\\campbbr02,CHI,NHL,D,2016-17,37,39,3,7,10,7,12,2,1,0,0,39,7.7,732,0.08,0.18,0.26,1,0.5,2.1,2.7\
158,Cal Clutterbuck\\cluttca01,NYI,NHL,RW,2016-17,29,35,3,11,14,6,16,3,0,0,1,59,5.1,514,0.09,0.31,0.4,1.69,0.5,0.7,1.2\
159,Joe Colborne\\colbojo01,COL,NHL,C,2016-17,27,29,3,1,4,-13,14,1,2,0,0,27,11.1,340,0.1,0.03,0.14,0.93,-0.2,-0.1,-0.3\
160,Trevor Daley\\daleytr01,PIT,NHL,D,2016-17,33,33,3,9,12,6,27,2,1,0,0,47,6.4,681,0.09,0.27,0.36,1.42,0.8,1.3,2.1\
161,David Desharnais\\deshada01,MTL,NHL,C,2016-17,30,25,3,6,9,4,4,3,0,0,0,23,13,327,0.12,0.24,0.36,0.92,0.4,0.4,0.9\
162,Anthony Duclair\\duclaan01,ARI,NHL,LW,2016-17,21,34,3,4,7,-4,14,3,0,0,0,45,6.7,465,0.09,0.12,0.21,1.32,-0.2,0.4,0.2\
163,Dan Girardi\\girarda01,NYR,NHL,D,2016-17,32,35,3,4,7,5,8,3,0,0,3,34,8.8,657,0.09,0.11,0.2,0.97,0.3,1.5,1.8\
164,Tyler Graovac\\graovty01,MIN,NHL,C,2016-17,23,28,3,0,3,1,4,3,0,0,1,24,12.5,279,0.11,0,0.11,0.86,-0.1,0.3,0.2\
165,Thomas Hickey\\hicketh01,NYI,NHL,D,2016-17,27,36,3,8,11,4,12,3,0,0,1,42,7.1,656,0.08,0.22,0.31,1.17,0.8,1.3,2.0\
166,Matt Irwin\\irwinma01,NSH,NHL,D,2016-17,29,30,3,5,8,12,8,3,0,0,1,48,6.3,489,0.1,0.17,0.27,1.6,0.6,2,2.7\
167,Chris Kunitz\\kunitch01,PIT,NHL,LW,2016-17,37,32,3,13,16,7,22,3,0,0,2,59,5.1,487,0.09,0.41,0.5,1.84,0.8,0.6,1.4\
168,Brandon Manning\\mannibr01,PHI,NHL,D,2016-17,26,34,3,6,9,-5,27,2,0,1,1,42,7.1,615,0.09,0.18,0.26,1.24,0.6,0.9,1.5\
169,Michael Matheson\\mathemi01,FLA,NHL,D,2016-17,22,37,3,9,12,-2,14,3,0,0,0,90,3.3,755,0.08,0.24,0.32,2.43,0.7,1.8,2.5\
170,Curtis McKenzie\\mckencu01,DAL,NHL,LW,2016-17,25,27,3,5,8,4,40,3,0,0,1,41,7.3,293,0.11,0.19,0.3,1.52,0.4,0.5,0.9\
171,Jake Muzzin\\muzzija01,LAK,NHL,D,2016-17,27,37,3,5,8,-5,24,2,1,0,0,73,4.1,812,0.08,0.14,0.22,1.97,0.2,1.6,1.9\
172,Darnell Nurse\\nurseda01,EDM,NHL,D,2016-17,21,25,3,2,5,-3,17,3,0,0,0,43,7,442,0.12,0.08,0.2,1.72,0.4,0.7,1.0\
173,Cedric Paquette\\paquece01,TBL,NHL,C,2016-17,23,31,3,4,7,-2,37,3,0,0,0,33,9.1,339,0.1,0.13,0.23,1.06,0.2,0.3,0.5\
174,Mathieu Perreault\\perrema01,WPG,NHL,C,2016-17,29,25,3,5,8,-11,16,2,1,0,0,52,5.8,406,0.12,0.2,0.32,2.08,0.1,0,0.1\
175,Brayden Point\\pointbr01,TBL,NHL,C,2016-17,20,36,3,12,15,-5,10,0,3,0,0,65,4.6,567,0.08,0.33,0.42,1.81,0.4,0.4,0.9\
176,Damon Severson\\severda01,NJD,NHL,D,2016-17,22,38,3,15,18,-21,35,3,0,0,1,52,5.8,803,0.08,0.39,0.47,1.37,1.4,0.3,1.7\
177,Marc Staal\\staalma01,NYR,NHL,D,2016-17,30,39,3,3,6,11,22,3,0,0,0,44,6.8,763,0.08,0.08,0.15,1.13,0.1,2.2,2.2\
178,Matt Stajan\\stajama01,CGY,NHL,C,2016-17,33,39,3,12,15,7,12,3,0,0,1,31,9.7,515,0.08,0.31,0.38,0.79,0.5,0.9,1.5\
179,Chris Thorburn\\thorbch01,WPG,NHL,RW,2016-17,33,29,3,0,3,-5,65,2,0,1,0,19,15.8,231,0.1,0,0.1,0.66,0,0,0.1\
180,Chris Tierney\\tiernch01,SJS,NHL,C,2016-17,22,37,3,7,10,-5,0,2,0,1,1,38,7.9,522,0.08,0.19,0.27,1.03,0,0.6,0.6\
181,Marc-Edouard Vlasic\\vlasima01,SJS,NHL,D,2016-17,29,35,3,6,9,1,31,2,1,0,2,63,4.8,739,0.09,0.17,0.26,1.8,0.4,2.2,2.6\
182,Dennis Wideman\\widemde01,CGY,NHL,D,2016-17,33,32,3,9,12,2,22,1,2,0,0,58,5.2,674,0.09,0.28,0.38,1.81,0.8,1.6,2.4\
183,Nicholas Baptiste\\baptini01,BUF,NHL,RW,2016-17,21,12,2,0,2,1,6,2,0,0,0,12,16.7,104,0.17,0,0.17,1,0.2,0.2,0.3\
184,Matt Beleskey\\belesma01,BOS,NHL,LW,2016-17,28,24,2,3,5,-6,23,2,0,0,0,44,4.5,362,0.08,0.13,0.21,1.83,-0.2,0.3,0.1\
185,Jordie Benn\\bennjo01,DAL,NHL,D,2016-17,29,35,2,8,10,1,20,2,0,0,0,34,5.9,664,0.06,0.23,0.29,0.97,0.5,1.4,1.9\
186,Kevin Bieksa\\biekske01,ANA,NHL,D,2016-17,35,39,2,1,3,-7,37,1,1,0,0,50,4,739,0.05,0.03,0.08,1.28,-0.4,1.1,0.7\
187,Lance Bouma\\boumala01,CGY,NHL,C,2016-17,26,21,2,2,4,-1,15,2,0,0,1,16,12.5,242,0.1,0.1,0.19,0.76,0,0.2,0.2\
188,Drake Caggiula\\caggidr01,EDM,NHL,LW,2016-17,22,20,2,4,6,-2,2,1,1,0,0,25,8,262,0.1,0.2,0.3,1.25,0.2,0.2,0.4\
189,Kyle Clifford\\cliffky01,LAK,NHL,LW,2016-17,26,30,2,4,6,1,45,2,0,0,0,52,3.8,319,0.07,0.13,0.2,1.73,0,0.5,0.5\
190,Joseph Cramarossa\\cramajo01,ANA,NHL,LW,2016-17,24,27,2,4,6,-3,35,2,0,0,0,16,12.5,272,0.07,0.15,0.22,0.59,0.1,0.2,0.3\
191,Lawson Crouse\\crousla01,ARI,NHL,LW,2016-17,19,33,2,2,4,-10,32,2,0,0,1,35,5.7,378,0.06,0.06,0.12,1.06,-0.4,0,-0.4\
192,Laurent Dauphin\\dauphla01,ARI,NHL,C,2016-17,21,20,2,1,3,-1,8,1,0,1,1,25,8,220,0.1,0.05,0.15,1.25,-0.1,0.2,0.1\
193,Calvin de Haan\\dehaaca01,NYI,NHL,D,2016-17,25,36,2,7,9,9,26,2,0,0,0,53,3.8,661,0.06,0.19,0.25,1.47,0.4,1.7,2.1\
194,Ryan Garbutt\\garbury01,ANA,NHL,LW,2016-17,31,27,2,1,3,-3,20,2,0,0,1,26,7.7,247,0.07,0.04,0.11,0.96,-0.1,0.2,0.0\
195,Travis Hamonic\\hamontr01,NYI,NHL,D,2016-17,26,33,2,10,12,-14,49,2,0,0,0,54,3.7,686,0.06,0.3,0.36,1.64,0.7,-0.2,0.5\
196,Zack Kassian\\kassiza01,EDM,NHL,RW,2016-17,26,35,2,7,9,0,68,2,0,0,0,52,3.8,412,0.06,0.2,0.26,1.49,0.1,0.5,0.6\
197,Chris Kelly\\kellych01,OTT,NHL,C,2016-17,36,37,2,5,7,-4,10,2,0,0,1,38,5.3,483,0.05,0.14,0.19,1.03,-0.3,0.4,0.1\
198,Kris Letang\\letankr01,PIT,NHL,D,2016-17,29,26,2,19,21,-3,20,1,1,0,1,80,2.5,677,0.08,0.73,0.81,3.08,1.7,0.5,2.2\
199,Andrew MacDonald\\macdoan01,PHI,NHL,D,2016-17,30,31,2,9,11,-1,8,2,0,0,0,20,10,611,0.06,0.29,0.35,0.65,0.7,1.3,2.0\
200,Matt Martin\\martima02,TOR,NHL,LW,2016-17,27,36,2,2,4,1,70,2,0,0,0,29,6.9,319,0.06,0.06,0.11,0.81,-0.2,0.3,0.1}
201,Jay McClement\\mccleja01,CAR,NHL,C,2016-17,33,36,2,2,4,-8,10,2,0,0,1,23,8.7,416,0.06,0.06,0.11,0.64,-0.5,0.2,-0.3\
202,Brayden McNabb\\mcnabbr01,LAK,NHL,D,2016-17,26,10,2,0,2,2,11,2,0,0,0,8,25,191,0.2,0,0.2,0.8,0.2,0.7,0.9\
203,Colin Miller\\milleco02,BOS,NHL,D,2016-17,24,31,2,3,5,-3,23,1,1,0,0,52,3.8,510,0.06,0.1,0.16,1.68,0.2,1.2,1.3\
204,Jordan Nolan\\nolanjo01,LAK,NHL,C,2016-17,27,27,2,3,5,-2,40,2,0,0,0,21,9.5,284,0.07,0.11,0.19,0.78,0,0.3,0.3\
205,Steve Ott\\ottst01,DET,NHL,C,2016-17,34,33,2,2,4,-4,54,2,0,0,0,27,7.4,340,0.06,0.06,0.12,0.82,-0.3,0.3,0.0\
206,Kyle Quincey\\quincky01,NJD,NHL,D,2016-17,31,36,2,7,9,4,18,2,0,0,0,43,4.7,634,0.06,0.19,0.25,1.19,0.5,2,2.4\
207,Alan Quine\\quineal01,NYI,NHL,C,2016-17,23,26,2,6,8,0,2,1,1,0,1,35,5.7,314,0.08,0.23,0.31,1.35,0.3,0.2,0.5\
208,Ryan Reaves\\reavery01,STL,NHL,RW,2016-17,30,36,2,4,6,2,24,2,0,0,1,25,8,277,0.06,0.11,0.17,0.69,0.1,0.4,0.6\
209,Marco Scandella\\scandma01,MIN,NHL,D,2016-17,26,25,2,2,4,-2,12,2,0,0,0,37,5.4,423,0.08,0.08,0.16,1.48,0.1,0.5,0.7\
210,Brent Seabrook\\seabrbr01,CHI,NHL,D,2016-17,31,38,2,19,21,-1,8,0,2,0,0,56,3.6,852,0.05,0.5,0.55,1.47,1.5,1.7,3.2\
211,Colton Sissons\\sissoco01,NSH,NHL,C,2016-17,23,26,2,1,3,-2,2,1,0,1,0,9,22.2,265,0.08,0.04,0.12,0.35,-0.2,0.2,0.0\
212,Brendan Smith\\smithbr05,DET,NHL,D,2016-17,27,23,2,3,5,0,24,1,1,0,1,32,6.3,420,0.09,0.13,0.22,1.39,0.3,1,1.2\
213,Gemel Smith\\smithge02,DAL,NHL,C,2016-17,22,12,2,1,3,1,21,1,0,1,0,14,14.3,157,0.17,0.08,0.25,1.17,0.1,0.2,0.3\
214,Devante Smith-Pelly\\smithde06,NJD,NHL,RW,2016-17,24,32,2,4,6,-9,8,2,0,0,0,52,3.8,429,0.06,0.13,0.19,1.63,-0.3,0.2,-0.1\
215,Brandon Tanev\\tanevbr01,WPG,NHL,LW,2016-17,25,35,2,2,4,-5,24,2,0,0,1,43,4.7,420,0.06,0.06,0.11,1.23,-0.5,0.2,-0.3\
216,Chris Terry\\terrych01,MTL,NHL,LW,2016-17,27,12,2,2,4,2,4,2,0,0,0,14,14.3,119,0.17,0.17,0.33,1.17,0.3,0.2,0.5\
217,Joe Thornton\\thornjo01,SJS,NHL,C,2016-17,37,37,2,23,25,6,26,2,0,0,0,37,5.4,704,0.05,0.62,0.68,1,1,1.3,2.4\
218,Joel Ward\\wardjo02,SJS,NHL,RW,2016-17,36,35,2,8,10,0,12,1,0,1,1,44,4.5,555,0.06,0.23,0.29,1.26,-0.2,0.8,0.6\
219,Dale Weise\\weiseda01,PHI,NHL,RW,2016-17,28,34,2,2,4,-1,15,1,1,0,1,40,5,427,0.06,0.06,0.12,1.18,-0.5,0.4,-0.1\
220,Ryan White\\whitery01,ARI,NHL,C,2016-17,28,30,2,3,5,-7,60,2,0,0,1,22,9.1,317,0.07,0.1,0.17,0.73,-0.1,0.1,0.0\
221,Patrick Wiercioch\\wiercpa01,COL,NHL,D,2016-17,26,33,2,6,8,-12,17,2,0,0,0,40,5,581,0.06,0.18,0.24,1.21,0.4,0.5,0.9\
222,Tom Wilson\\wilsoto01,WSH,NHL,RW,2016-17,22,36,2,2,4,6,34,2,0,0,0,34,5.9,457,0.06,0.06,0.11,0.94,-0.6,0.8,0.2\
223,Nathan Beaulieu\\beaulna01,MTL,NHL,D,2016-17,24,31,1,8,9,15,25,1,0,0,1,48,2.1,591,0.03,0.26,0.29,1.55,0.4,2.2,2.6\
224,Bryan Bickell\\bickebr01,CAR,NHL,LW,2016-17,30,7,1,0,1,-1,4,0,1,0,1,6,16.7,68,0.14,0,0.14,0.86,0,0.1,0.1\
225,Mark Borowiecki\\borowma01,OTT,NHL,D,2016-17,27,35,1,1,2,0,65,1,0,0,0,17,5.9,471,0.03,0.03,0.06,0.49,-0.3,1.1,0.9\
226,Robert Bortuzzo\\borturo01,STL,NHL,D,2016-17,27,11,1,1,2,6,2,1,0,0,0,15,6.7,152,0.09,0.09,0.18,1.36,0.1,0.9,1.0\
227,Michael Bournival\\bournmi01,TBL,NHL,LW,2016-17,24,8,1,0,1,-1,0,1,0,0,0,11,9.1,79,0.13,0,0.13,1.38,0,0,0.1\
228,Jay Bouwmeester\\bouwmja01,STL,NHL,D,2016-17,33,38,1,7,8,-6,18,1,0,0,0,47,2.1,860,0.03,0.18,0.21,1.24,-0.1,1.5,1.4\
229,Daniel Carr\\carrda01,MTL,NHL,LW,2016-17,25,23,1,5,6,6,6,1,0,0,1,33,3,234,0.04,0.22,0.26,1.43,0.1,0.4,0.6\
230,William Carrier\\carriwi01,BUF,NHL,LW,2016-17,22,24,1,1,2,0,15,1,0,0,0,29,3.4,214,0.04,0.04,0.08,1.21,-0.3,0.3,0.0\
231,Cody Ceci\\cecico01,OTT,NHL,D,2016-17,23,37,1,2,3,-11,10,1,0,0,0,66,1.5,864,0.03,0.05,0.08,1.78,-0.6,1.1,0.5\
232,Taylor Chorney\\chornta01,WSH,NHL,D,2016-17,29,7,1,1,2,3,4,1,0,0,1,9,11.1,94,0.14,0.14,0.29,1.29,0.2,0.5,0.7\
233,Braydon Coburn\\coburbr01,TBL,NHL,D,2016-17,31,38,1,4,5,0,24,1,0,0,0,47,2.1,613,0.03,0.11,0.13,1.24,-0.1,1.3,1.2\
234,Cory Conacher\\conacco01,TBL,NHL,LW,2016-17,27,7,1,1,2,-2,4,0,1,0,0,10,10,86,0.14,0.14,0.29,1.43,0.1,0,0.1\
235,Zac Dalpe\\dalpeza01,MIN,NHL,C,2016-17,27,9,1,2,3,0,9,1,0,0,0,8,12.5,77,0.11,0.22,0.33,0.89,0.2,0.1,0.3\
236,Dylan DeMelo\\demeldy01,SJS,NHL,D,2016-17,23,10,1,1,2,-2,2,1,0,0,0,17,5.9,155,0.1,0.1,0.2,1.7,0.1,0.3,0.4\
237,Phillip Di Giuseppe\\digiuph01,CAR,NHL,LW,2016-17,23,18,1,1,2,-9,13,1,0,0,1,28,3.6,216,0.06,0.06,0.11,1.56,-0.3,-0.1,-0.4\
238,Derek Dorsett\\dorsede01,VAN,NHL,RW,2016-17,30,14,1,3,4,-6,33,1,0,0,0,24,4.2,139,0.07,0.21,0.29,1.71,0.2,-0.1,0.1\
239,Deryk Engelland\\engelde01,CGY,NHL,D,2016-17,34,39,1,6,7,8,50,1,0,0,1,50,2,713,0.03,0.15,0.18,1.28,0,2.2,2.2\
240,Tyler Ennis\\ennisty01,BUF,NHL,LW,2016-17,27,12,1,1,2,-6,0,1,0,0,0,29,3.4,165,0.08,0.08,0.17,2.42,-0.1,0,-0.2\
241,Vernon Fiddler\\fiddlve01,NJD,NHL,LW,2016-17,36,35,1,2,3,-6,25,0,0,1,0,33,3,433,0.03,0.06,0.09,0.94,-0.8,0.4,-0.4\
242,Cody Franson\\fransco01,BUF,NHL,D,2016-17,29,33,1,7,8,2,20,0,1,0,0,48,2.1,589,0.03,0.21,0.24,1.45,0.3,1.7,2.0\
243,Jason Garrison\\garrija01,TBL,NHL,D,2016-17,32,36,1,5,6,-5,8,1,0,0,0,43,2.3,661,0.03,0.14,0.17,1.19,-0.1,1,1.0\
244,Frederik Gauthier\\gauthfr01,TOR,NHL,C,2016-17,21,6,1,1,2,2,4,1,0,0,0,4,25,59,0.17,0.17,0.33,0.67,0.2,0.1,0.3\
245,Boyd Gordon\\gordobo01,PHI,NHL,C,2016-17,33,11,1,0,1,-3,2,1,0,0,0,6,16.7,91,0.09,0,0.09,0.55,0,0,0.0\
246,Eric Gryba\\grybaer01,EDM,NHL,D,2016-17,28,19,1,1,2,1,34,1,0,0,1,20,5,326,0.05,0.05,0.11,1.05,-0.1,0.8,0.7\
247,Erik Gudbranson\\gudbrer01,VAN,NHL,D,2016-17,25,30,1,5,6,-14,18,1,0,0,1,40,2.5,610,0.03,0.17,0.2,1.33,0,0.3,0.3\
248,Dan Hamhuis\\hamhuda01,DAL,NHL,D,2016-17,34,36,1,8,9,0,8,0,1,0,0,42,2.4,698,0.03,0.22,0.25,1.17,0.2,1.4,1.6\
249,Freddie Hamilton\\hamilfr01,CGY,NHL,C,2016-17,25,16,1,0,1,-1,6,1,0,0,1,16,6.3,155,0.06,0,0.06,1,-0.2,0.1,-0.1\
250,Samuel Henley\\henlesa01,COL,NHL,C,2016-17,23,1,1,0,1,1,2,1,0,0,0,1,100,5,1,0,1,1,0.2,0.1,0.3\
251,Brad Hunt\\huntbr01,STL,NHL,D,2016-17,28,6,1,3,4,0,0,0,1,0,0,7,14.3,86,0.17,0.5,0.67,1.17,0.5,0.2,0.7\
252,Josh Jooris\\joorijo01,TOT,NHL,RW,2016-17,26,18,1,2,3,3,6,1,0,0,0,14,7.1,175,0.06,0.11,0.17,0.78,0,0.3,0.3\
253,Duncan Keith\\keithdu01,CHI,NHL,D,2016-17,33,40,1,25,26,5,10,1,0,0,0,85,1.2,1044,0.03,0.63,0.65,2.13,1.7,2.6,4.4\
254,Taylor Leier\\leierta01,PHI,NHL,LW,2016-17,22,10,1,1,2,-1,4,1,0,0,0,7,14.3,91,0.1,0.1,0.2,0.7,0.1,0.1,0.2\
255,Jared McCann\\mccanja01,FLA,NHL,C,2016-17,20,17,1,2,3,0,2,1,0,0,0,21,4.8,172,0.06,0.12,0.18,1.24,0,0.2,0.2\
256,Brock McGinn\\mcginbr01,CAR,NHL,LW,2016-17,22,20,1,2,3,-2,2,1,0,0,0,23,4.3,233,0.05,0.1,0.15,1.15,-0.2,0.2,0.0\
257,Dylan McIlrath\\mcilrdy01,TOT,NHL,D,2016-17,24,5,1,0,1,-2,14,1,0,0,0,2,50,48,0.2,0,0.2,0.4,0.2,-0.1,0.1\
258,Cody McLeod\\mcleoco01,COL,NHL,LW,2016-17,32,25,1,0,1,-2,45,1,0,0,0,12,8.3,149,0.04,0,0.04,0.48,-0.2,0.1,-0.1\
259,John Mitchell\\mitchjo01,COL,NHL,C,2016-17,32,32,1,0,1,-6,20,1,0,0,1,32,3.1,409,0.03,0,0.03,1,-0.9,0.3,-0.6\
260,Josh Morrissey\\morrijo04,WPG,NHL,D,2016-17,21,39,1,4,5,1,20,1,0,0,1,35,2.9,728,0.03,0.1,0.13,0.9,-0.2,1.4,1.2\
261,Riley Nash\\nashri02,BOS,NHL,C,2016-17,27,40,1,5,6,-4,6,1,0,0,0,56,1.8,558,0.03,0.13,0.15,1.4,-0.8,0.6,-0.1\
262,Chris Neil\\neilch01,OTT,NHL,RW,2016-17,37,36,1,1,2,-8,49,1,0,0,0,37,2.7,285,0.03,0.03,0.06,1.03,-0.5,0,-0.5\
263,Adam Pelech\\pelecad01,NYI,NHL,D,2016-17,22,9,1,2,3,-4,0,1,0,0,0,10,10,139,0.11,0.22,0.33,1.11,0.3,-0.1,0.1\
264,Nic Petan\\petanni01,WPG,NHL,LW,2016-17,21,18,1,8,9,-2,2,1,0,0,0,23,4.3,256,0.06,0.44,0.5,1.28,0.4,0.2,0.6\
265,Alex Petrovic\\petroal01,FLA,NHL,D,2016-17,24,16,1,4,5,8,6,1,0,0,0,14,7.1,287,0.06,0.25,0.31,0.88,0.3,1.4,1.7\
266,Mark Pysyk\\pysykma01,FLA,NHL,D,2016-17,25,38,1,6,7,0,6,1,0,0,0,41,2.4,706,0.03,0.16,0.18,1.08,0,1.8,1.8\
267,Morgan Rielly\\riellmo01,TOR,NHL,D,2016-17,22,36,1,16,17,-1,11,0,1,0,0,83,1.2,821,0.03,0.44,0.47,2.31,1,1.3,2.4\
268,David Savard\\savarda01,CBJ,NHL,D,2016-17,26,35,1,9,10,24,22,1,0,0,0,53,1.9,755,0.03,0.26,0.29,1.51,0.3,3.2,3.5\
269,David Schlemko\\schleda01,SJS,NHL,D,2016-17,29,30,1,7,8,3,8,0,1,0,0,58,1.7,515,0.03,0.23,0.27,1.93,0.4,1.7,2.1\
270,Patrick Sharp\\sharppa01,DAL,NHL,LW,2016-17,35,12,1,1,2,-7,12,0,0,1,0,28,3.6,198,0.08,0.08,0.17,2.33,-0.2,-0.1,-0.3\
271,Logan Shaw\\shawlo01,ANA,NHL,RW,2016-17,25,19,1,0,1,-4,4,1,0,0,0,26,3.8,162,0.05,0,0.05,1.37,-0.2,0,-0.2\
272,Ryan Sproul\\sproury01,DET,NHL,D,2016-17,24,18,1,5,6,-5,4,0,1,0,0,35,2.9,287,0.06,0.28,0.33,1.94,0.4,0.2,0.7\
273,Troy Stecher\\stechtr01,VAN,NHL,D,2016-17,22,30,1,9,10,-3,15,1,0,0,0,74,1.4,625,0.03,0.3,0.33,2.47,0.5,1.3,1.8\
274,Clayton Stoner\\stonecl01,ANA,NHL,D,2016-17,31,14,1,2,3,0,28,1,0,0,0,16,6.3,246,0.07,0.14,0.21,1.14,0.1,0.6,0.7\
275,Shea Theodore\\theodsh01,ANA,NHL,D,2016-17,21,21,1,5,6,-10,16,0,1,0,0,35,2.9,364,0.05,0.24,0.29,1.67,0.3,0,0.3\
276,Andy Andreoff\\andrean01,LAK,NHL,LW,2016-17,25,15,0,0,0,-2,22,0,0,0,0,9,0,155,0,0,0,0.6,-0.4,0.1,-0.3\
277,Mark Barberio\\barbema01,MTL,NHL,D,2016-17,26,13,0,2,2,2,6,0,0,0,0,19,0,190,0,0.15,0.15,1.46,0,0.5,0.5\
278,Mathew Barzal\\barzama01,NYI,NHL,C,2016-17,19,2,0,0,0,-2,6,0,0,0,0,0,,20,0,0,0,0,-0.1,-0.1,-0.1\
279,Cody Bass\\bassco01,NSH,NHL,C,2016-17,30,9,0,0,0,-1,19,0,0,0,0,1,0,61,0,0,0,0.11,-0.2,0,-0.1\
280,Francois Beauchemin\\beaucfr01,COL,NHL,D,2016-17,36,37,0,8,8,-1,14,0,0,0,0,50,0,765,0,0.22,0.22,1.35,-0.1,1.9,1.9\
281,Taylor Beck\\beckta01,EDM,NHL,LW,2016-17,25,3,0,0,0,-1,4,0,0,0,0,0,,18,0,0,0,0,-0.1,0,-0.1\
282,Matthew Benning\\bennima01,EDM,NHL,D,2016-17,22,26,0,6,6,4,6,0,0,0,0,34,0,438,0,0.23,0.23,1.31,0.1,1.3,1.4\
283,Tyler Bertuzzi\\bertuty01,DET,NHL,LW,2016-17,21,7,0,0,0,-1,0,0,0,0,0,3,0,64,0,0,0,0.43,-0.2,0,-0.1\
284,Alex Biega\\biegaal01,VAN,NHL,D,2016-17,28,10,0,2,2,1,8,0,0,0,0,9,0,157,0,0.2,0.2,0.9,0,0.5,0.5\
285,Mike Blunden\\blundmi01,OTT,NHL,RW,2016-17,30,1,0,0,0,0,0,0,0,0,0,0,,10,0,0,0,0,0,0,0.0\
286,Gabriel Bourque\\bourqga01,COL,NHL,LW,2016-17,26,6,0,0,0,0,0,0,0,0,0,4,0,67,0,0,0,0.67,-0.2,0.1,-0.1\
287,Thomas Chabot\\chaboth01,OTT,NHL,D,2016-17,20,1,0,0,0,-2,0,0,0,0,0,1,0,7,0,0,0,1,0,-0.2,-0.2\
288,Michael Chaput\\chapumi01,VAN,NHL,C,2016-17,24,27,0,3,3,-4,13,0,0,0,0,15,0,275,0,0.11,0.11,0.56,-0.4,0.2,-0.3\
289,Ben Chiarot\\chiarbe01,WPG,NHL,D,2016-17,25,38,0,6,6,-4,12,0,0,0,0,26,0,551,0,0.16,0.16,0.68,0,0.7,0.6\
290,Kevin Connauton\\connake01,ARI,NHL,D,2016-17,26,9,0,1,1,-1,6,0,0,0,0,10,0,117,0,0.11,0.11,1.11,0,0.2,0.1\
291,Frank Corrado\\corrafr01,TOR,NHL,D,2016-17,23,1,0,0,0,0,2,0,0,0,0,0,,16,0,0,0,0,0,0,0.0\
292,Brandon Davidson\\davidbr01,EDM,NHL,D,2016-17,25,8,0,1,1,1,4,0,0,0,0,11,0,121,0,0.13,0.13,1.38,0,0.3,0.3\
293,Andrew Desjardins\\desjaan01,CHI,NHL,LW,2016-17,30,22,0,0,0,-5,6,0,0,0,0,27,0,218,0,0,0,1.23,-0.6,0,-0.6\
294,Nicolas Deslauriers\\deslani01,BUF,NHL,LW,2016-17,25,15,0,0,0,-4,4,0,0,0,0,9,0,125,0,0,0,0.6,-0.4,0,-0.4\
295,Simon Despres\\desprsi01,ANA,NHL,D,2016-17,25,1,0,0,0,0,0,0,0,0,0,1,0,16,0,0,0,1,0,0,0.0\
296,Jason Dickinson\\dickija01,DAL,NHL,C,2016-17,21,2,0,0,0,-1,0,0,0,0,0,0,,18,0,0,0,0,-0.1,0,-0.1\
297,Brenden Dillon\\dillobr01,SJS,NHL,D,2016-17,26,36,0,3,3,-4,31,0,0,0,0,31,0,574,0,0.08,0.08,0.86,-0.4,1.3,0.9\
298,Justin Dowling\\dowliju01,DAL,NHL,C,2016-17,26,5,0,2,2,0,2,0,0,0,0,9,0,56,0,0.4,0.4,1.8,0.1,0.1,0.1\
299,Cody Eakin\\eakinco01,DAL,NHL,C,2016-17,25,16,0,1,1,-7,17,0,0,0,0,14,0,225,0,0.06,0.06,0.88,-0.5,-0.1,-0.6\
300,Joel Edmundson\\edmunjo01,STL,NHL,D,2016-17,23,26,0,8,8,-2,30,0,0,0,0,31,0,440,0,0.31,0.31,1.19,0.3,0.9,1.2\
301,Justin Falk\\falkju01,BUF,NHL,D,2016-17,28,21,0,1,1,-1,7,0,0,0,0,15,0,271,0,0.05,0.05,0.71,-0.2,0.6,0.4\
302,Taylor Fedun\\fedunta01,BUF,NHL,D,2016-17,28,8,0,4,4,1,2,0,0,0,0,9,0,121,0,0.5,0.5,1.13,0.3,0.4,0.7\
303,Byron Froese\\froesby01,TOR,NHL,C,2016-17,25,2,0,0,0,0,5,0,0,0,0,2,0,16,0,0,0,1,0,0,0.0\
304,Kurtis Gabriel\\gabriku01,MIN,NHL,RW,2016-17,23,10,0,1,1,0,24,0,0,0,0,3,0,59,0,0.1,0.1,0.3,-0.1,0,0.0\
305,Tyler Gaudet\\gaudety01,ARI,NHL,C,2016-17,23,4,0,1,1,0,0,0,0,0,0,3,0,52,0,0.25,0.25,0.75,0,0.1,0.0\
306,Frederick Gaudreau\\gaudrfr01,NSH,NHL,C,2016-17,23,8,0,1,1,0,0,0,0,0,0,8,0,70,0,0.13,0.13,1,-0.1,0.1,0.0\
307,Brendan Gaunce\\gauncbr01,VAN,NHL,LW,2016-17,22,34,0,4,4,0,27,0,0,0,0,25,0,288,0,0.12,0.12,0.74,-0.4,0.4,0.0\
308,Luke Gazdic\\gazdilu01,NJD,NHL,LW,2016-17,27,7,0,0,0,-1,12,0,0,0,0,3,0,51,0,0,0,0.43,-0.1,0,-0.1\
309,Eric Gelinas\\geliner01,COL,NHL,D,2016-17,25,17,0,1,1,-2,10,0,0,0,0,22,0,209,0,0.06,0.06,1.29,-0.2,0.4,0.2\
310,Cody Goloubef\\golouco01,COL,NHL,D,2016-17,27,8,0,2,2,-7,13,0,0,0,0,3,0,129,0,0.25,0.25,0.38,0.1,-0.3,-0.2\
311,Josh Gorges\\gorgejo01,BUF,NHL,D,2016-17,32,33,0,1,1,-3,25,0,0,0,0,13,0,610,0,0.03,0.03,0.39,-0.7,1.3,0.6\
312,Yanni Gourde\\gourdya01,TBL,NHL,C,2016-17,25,2,0,0,0,0,0,0,0,0,0,1,0,18,0,0,0,0.5,-0.1,0,0.0\
313,Derek Grant\\grantde01,BUF,NHL,C,2016-17,26,32,0,3,3,-3,19,0,0,0,0,30,0,333,0,0.09,0.09,0.94,-0.6,0.3,-0.3\
314,A.J. Greer\\greeraj01,COL,NHL,LW,2016-17,20,5,0,1,1,-2,4,0,0,0,0,8,0,68,0,0.2,0.2,1.6,-0.1,0,-0.1\
315,Seth Griffith\\griffse01,TOT,NHL,C,2016-17,24,22,0,5,5,6,6,0,0,0,0,21,0,288,0,0.23,0.23,0.95,-0.2,0.6,0.4\
316,Brendan Guhle\\guhlebr01,BUF,NHL,D,2016-17,19,3,0,0,0,1,0,0,0,0,0,4,0,49,0,0,0,1.33,-0.1,0.2,0.1\
317,Micheal Haley\\haleymi01,SJS,NHL,C,2016-17,30,24,0,3,3,0,47,0,0,0,0,14,0,193,0,0.13,0.13,0.58,-0.2,0.3,0.1\
318,Joel Hanley\\hanlejo01,MTL,NHL,D,2016-17,25,7,0,0,0,-3,4,0,0,0,0,5,0,71,0,0,0,0.71,-0.1,-0.1,-0.2\
319,Ben Harpur\\harpube01,OTT,NHL,D,2016-17,22,1,0,0,0,-1,0,0,0,0,0,0,,11,0,0,0,0,0,-0.1,-0.1\
320,Scott Harrington\\harrisc01,CBJ,NHL,D,2016-17,23,3,0,0,0,0,0,0,0,0,0,1,0,40,0,0,0,0.33,-0.1,0.1,0.0\
321,Danton Heinen\\heineda01,BOS,NHL,C,2016-17,21,8,0,0,0,-3,2,0,0,0,0,7,0,106,0,0,0,0.88,-0.3,0,-0.3\
322,Peter Holland\\hollape01,TOT,NHL,C,2016-17,26,17,0,4,4,-5,8,0,0,0,0,28,0,219,0,0.24,0.24,1.65,-0.2,0,-0.2\
323,Quinton Howden\\howdequ01,WPG,NHL,C,2016-17,25,5,0,0,0,1,0,0,0,0,0,5,0,43,0,0,0,1,-0.1,0.1,0.0\
324,Charles Hudon\\hudonch01,MTL,NHL,LW,2016-17,22,3,0,2,2,1,2,0,0,0,0,3,0,36,0,0.67,0.67,1,0.1,0.1,0.2\
325,Mark Jankowski\\jankoma01,CGY,NHL,C,2016-17,22,1,0,0,0,0,0,0,0,0,0,0,,10,0,0,0,0,0,0,0.0\
326,Ryan Johnston\\johnsry02,MTL,NHL,D,2016-17,24,2,0,0,0,-1,2,0,0,0,0,1,0,17,0,0,0,0.5,0,-0.1,-0.1\
327,Kevin Klein\\kleinke01,NYR,NHL,D,2016-17,32,35,0,10,10,6,13,0,0,0,0,33,0,614,0,0.29,0.29,0.94,0.4,1.5,1.8\
328,Slater Koekkoek\\koekksl01,TBL,NHL,D,2016-17,22,26,0,4,4,-2,8,0,0,0,0,26,0,335,0,0.15,0.15,1,0,0.6,0.6\
329,Brett Kulak\\kulakbr01,CGY,NHL,D,2016-17,23,15,0,3,3,1,10,0,0,0,0,16,0,221,0,0.2,0.2,1.07,0.1,0.6,0.6\
330,Scott Laughton\\laughsc01,PHI,NHL,C,2016-17,22,2,0,0,0,0,0,0,0,0,0,4,0,20,0,0,0,2,-0.1,0,0.0\
331,Curtis Lazar\\lazarcu01,OTT,NHL,RW,2016-17,21,17,0,0,0,-4,4,0,0,0,0,19,0,157,0,0,0,1.12,-0.4,0,-0.4\
332,Josh Leivo\\leivojo01,TOR,NHL,LW,2016-17,23,1,0,0,0,1,0,0,0,0,0,0,,13,0,0,0,0,0,0.1,0.0\
333,Mike Liambas\\liambmi01,NSH,NHL,LW,2016-17,27,1,0,0,0,-1,0,0,0,0,0,0,,5,0,0,0,0,0,0,-0.1\
334,Greg McKegg\\mckeggr01,FLA,NHL,C,2016-17,24,20,0,2,2,-2,6,0,0,0,0,15,0,211,0,0.1,0.1,0.75,-0.4,0.2,-0.2\
335,Adam McQuaid\\mcquaad01,BOS,NHL,D,2016-17,30,35,0,1,1,5,42,0,0,0,0,37,0,613,0,0.03,0.03,1.06,-0.7,2.1,1.5\
336,Julian Melchiori\\melchju01,WPG,NHL,D,2016-17,25,4,0,0,0,-3,0,0,0,0,0,1,0,55,0,0,0,0.25,-0.1,-0.2,-0.2\
337,Marc Methot\\methoma01,OTT,NHL,D,2016-17,31,33,0,4,4,12,10,0,0,0,0,45,0,677,0,0.12,0.12,1.36,-0.4,2.6,2.2\
338,Zack Mitchell\\mitchza01,MIN,NHL,RW,2016-17,24,10,0,0,0,-1,0,0,0,0,0,9,0,86,0,0,0,0.9,-0.2,0,-0.2\
339,Brandon Montour\\montobr01,ANA,NHL,D,2016-17,22,2,0,0,0,0,2,0,0,0,0,2,0,28,0,0,0,1,0,0.1,0.0\
340,Joseph Morrow\\morrojo02,BOS,NHL,D,2016-17,24,13,0,1,1,-3,6,0,0,0,0,16,0,207,0,0.08,0.08,1.23,-0.1,0.3,0.2\
341,Ryan Murphy\\murphry01,CAR,NHL,D,2016-17,23,7,0,2,2,-5,0,0,0,0,0,1,0,108,0,0.29,0.29,0.14,0.1,-0.1,-0.1\
342,Ryan Murray\\murrary01,CBJ,NHL,D,2016-17,23,30,0,4,4,7,20,0,0,0,0,23,0,547,0,0.13,0.13,0.77,-0.2,1.4,1.2\
343,Cal O'Reilly\\oreilca01,BUF,NHL,C,2016-17,30,4,0,0,0,-1,0,0,0,0,0,1,0,44,0,0,0,0.25,-0.1,0,-0.1\
344,Colton Parayko\\parayco01,STL,NHL,D,2016-17,23,38,0,17,17,0,10,0,0,0,0,96,0,812,0,0.45,0.45,2.53,0.9,1.9,2.8\
345,Adam Pardy\\pardyad01,NSH,NHL,D,2016-17,32,4,0,0,0,-1,6,0,0,0,0,4,0,44,0,0,0,1,-0.1,0,-0.1\
346,Matthew Peca\\pecama01,TBL,NHL,C,2016-17,23,3,0,1,1,1,0,0,0,0,0,3,0,39,0,0.33,0.33,1,0,0.1,0.1\
347,Paul Postma\\postmpa01,WPG,NHL,D,2016-17,27,33,0,7,7,-1,4,0,0,0,0,25,0,390,0,0.21,0.21,0.76,0.3,0.6,0.9\
348,Derrick Pouliot\\poulide01,PIT,NHL,D,2016-17,23,7,0,0,0,-3,4,0,0,0,0,10,0,101,0,0,0,1.43,-0.1,-0.1,-0.3\
349,Dalton Prout\\proutda01,CBJ,NHL,D,2016-17,26,8,0,0,0,2,8,0,0,0,0,3,0,121,0,0,0,0.38,-0.2,0.4,0.2\
350,Ryan Pulock\\pulocry01,NYI,NHL,D,2016-17,22,1,0,0,0,1,0,0,0,0,0,0,,4,0,0,0,0,0,0.1,0.1\
351,Teddy Purcell\\purcete01,LAK,NHL,LW,2016-17,31,12,0,2,2,0,0,0,0,0,0,10,0,155,0,0.17,0.17,0.83,-0.2,0.2,0.0\
352,John Quenneville\\quennjo02,NJD,NHL,C,2016-17,20,2,0,0,0,-1,2,0,0,0,0,0,,17,0,0,0,0,0,0,-0.1\
353,Ty Rattie\\rattity01,STL,NHL,RW,2016-17,23,4,0,0,0,0,0,0,0,0,0,1,0,29,0,0,0,0.25,-0.1,0,0.0\
354,Mason Raymond\\raymoma01,ANA,NHL,LW,2016-17,31,4,0,0,0,-2,0,0,0,0,0,3,0,36,0,0,0,0.75,-0.1,0,-0.1\
355,Tanner Richard\\richata01,TBL,NHL,C,2016-17,23,3,0,0,0,-2,2,0,0,0,0,1,0,38,0,0,0,0.33,-0.1,0,-0.2\
356,Evan Rodrigues\\rodriev01,BUF,NHL,LW,2016-17,23,2,0,0,0,-1,0,0,0,0,0,2,0,23,0,0,0,1,-0.1,0,-0.1\
357,Kris Russell\\russekr01,EDM,NHL,D,2016-17,29,31,0,5,5,2,10,0,0,0,0,36,0,666,0,0.16,0.16,1.16,-0.3,1.6,1.3\
358,Luke Schenn\\schenlu01,ARI,NHL,D,2016-17,27,33,0,2,2,1,39,0,0,0,0,40,0,524,0,0.06,0.06,1.21,-0.4,1.3,0.8\
359,Nick Schultz\\schulni01,PHI,NHL,D,2016-17,34,11,0,3,3,1,6,0,0,0,0,10,0,181,0,0.27,0.27,0.91,0.1,0.5,0.6\
360,Michael Sgarbossa\\sgarbmi01,TOT,NHL,C,2016-17,24,11,0,2,2,-2,0,0,0,0,0,9,0,108,0,0.18,0.18,0.82,-0.1,0,0.0\
361,Riley Sheahan\\sheahri01,DET,NHL,C,2016-17,25,36,0,6,6,-14,12,0,0,0,0,56,0,511,0,0.17,0.17,1.56,-0.8,0.1,-0.7\
362,Hunter Shinkaruk\\shinkhu01,CGY,NHL,LW,2016-17,22,7,0,1,1,-3,2,0,0,0,0,5,0,74,0,0.14,0.14,0.71,-0.1,0,-0.1\
363,Dillon Simpson\\simpsdi01,EDM,NHL,D,2016-17,,3,0,0,0,0,2,0,0,0,0,2,0,33,0,0,0,0.67,0,0.1,0.0\
364,Trevor Smith\\smithtr01,NSH,NHL,C,2016-17,31,1,0,0,0,0,0,0,0,0,0,0,,7,0,0,0,0,0,0,0.0\
365,Blake Speers\\speerbl01,NJD,NHL,C,2016-17,20,3,0,0,0,0,0,0,0,0,0,3,0,28,0,0,0,1,-0.1,0,0.0\
366,Michael Stone\\stonemi01,ARI,NHL,D,2016-17,26,25,0,6,6,-8,4,0,0,0,0,29,0,496,0,0.24,0.24,1.16,0,0.4,0.5\
367,Dylan Strome\\stromdy01,ARI,NHL,C,2016-17,19,7,0,1,1,-5,0,0,0,0,0,6,0,96,0,0.14,0.14,0.86,-0.2,-0.1,-0.3\
368,Chris Tanev\\tanevch01,VAN,NHL,D,2016-17,27,16,0,3,3,2,6,0,0,0,0,8,0,329,0,0.19,0.19,0.5,-0.1,1,0.9\
369,Shawn Thornton\\thornsh01,FLA,NHL,LW,2016-17,39,14,0,1,1,-3,7,0,0,0,0,6,0,86,0,0.07,0.07,0.43,-0.1,0,-0.1\
370,Jordin Tootoo\\tootojo01,CHI,NHL,RW,2016-17,33,30,0,0,0,-2,16,0,0,0,0,28,0,196,0,0,0,0.93,-0.6,0.1,-0.4\
371,Phil Varone\\varonph01,OTT,NHL,C,2016-17,26,4,0,0,0,-2,2,0,0,0,0,0,,33,0,0,0,0,-0.1,0,-0.1\
372,Linden Vey\\veyli01,CGY,NHL,RW,2016-17,25,4,0,0,0,-2,0,0,0,0,0,1,0,44,0,0,0,0.25,-0.1,0,-0.2\
373,Jake Virtanen\\virtaja01,VAN,NHL,RW,2016-17,20,10,0,1,1,1,2,0,0,0,0,13,0,101,0,0.1,0.1,1.3,-0.2,0.2,0.0\
374,Tyler Wotherspoon\\wothety01,CGY,NHL,D,2016-17,23,2,0,0,0,-1,0,0,0,0,0,0,,21,0,0,0,0,0,0,-0.1\
375,Harry Zolnierczyk\\zolniha01,NSH,NHL,LW,2016-17,29,1,0,0,0,0,2,0,0,0,0,0,,8,0,0,0,0,0,0,0.0}